user,type,image,permalink,location,lat,lon
girleatworld,romantic traveling,https://scontent-frt3-2.cdninstagram.com/vp/90e6ada3b373dd7d81fa46d61cb5b9da/5C14639B/t51.2885-15/e35/38730026_462536564249519_5365138382974353408_n.jpg?se=7&ig_cache_key=MTg0OTkyMDgwMDMxNzI4MDk1Ng%3D%3D.2,https://gymlive.net/girleatworld/photo/1849920800317280956_1315397121,"Kyoto, Japan",35.0116363,135.7680294
girleatworld,romantic traveling,https://scontent-frt3-2.cdninstagram.com/vp/0039d211189cac2729e72f1853d911f7/5C03DE37/t51.2885-15/e35/38281776_229671234404146_3855516296791719936_n.jpg?se=7&ig_cache_key=MTg0NDk0MDUxMTcyMzcyMjMzMg%3D%3D.2,https://gymlive.net/girleatworld/photo/1844940511723722332_1315397121,"Kyoto, Japan",35.0116363,135.7680294
girleatworld,romantic traveling,https://scontent-frt3-2.cdninstagram.com/vp/039e2c982a5846ddd594a5788e4b6cdb/5C1CE51D/t51.2885-15/e35/37334768_209887973037961_1101795970556887040_n.jpg?se=7&ig_cache_key=MTgzNTU5NjUwMDg5MDQ2Nzk2NQ%3D%3D.2,https://gymlive.net/girleatworld/photo/1835596500890467965_1315397121,Ah Chung Flour Rice Noodles,25.087861,121.525597
girleatworld,romantic traveling,https://scontent-frt3-2.cdninstagram.com/vp/47f00cf1cc0b7bf7b31eb3d7aaeafd4a/5C361B5B/t51.2885-15/e35/35616977_242155083048290_3544109723060011008_n.jpg?se=7&ig_cache_key=MTgxNTY3NjU0NjU5ODYzMTM0OA%3D%3D.2,https://gymlive.net/girleatworld/photo/1815676546598631348_1315397121,"Paris, France",48.856614,2.3522219
girleatworld,romantic traveling,https://scontent-frt3-2.cdninstagram.com/vp/ba463dcc2839ca6f491e719fa8f0dbbc/5C064F9D/t51.2885-15/e35/35321280_195895001117891_8689961189163139072_n.jpg?se=7&ig_cache_key=MTgxNDk2OTM4NTA5MTg3MzIyNw%3D%3D.2,https://gymlive.net/girleatworld/photo/1814969385091873227_1315397121,"Paris, France",48.856614,2.3522219
girleatworld,romantic traveling,https://scontent-frt3-2.cdninstagram.com/vp/7088524af927d0ad5992d8a372e3e857/5C00DB2F/t51.2885-15/e35/35459630_961946983929922_4445452182568828928_n.jpg?se=7&ig_cache_key=MTgxMzk1OTU4MDk1MzA2Mzk2MA%3D%3D.2,https://gymlive.net/girleatworld/photo/1813959580953063960_1315397121,"Paris, France",48.856614,2.3522219
girleatworld,romantic traveling,https://scontent-frt3-2.cdninstagram.com/vp/e4cf9b5ce7607452eef888cabf23c1bd/5BFE26D0/t51.2885-15/e35/35166354_249189459188833_5106303991357112320_n.jpg?se=7&ig_cache_key=MTgxMjI3MjQxNTI0ODQ1NDY3MQ%3D%3D.2,https://gymlive.net/girleatworld/photo/1812272415248454671_1315397121,"Paris, France",48.856614,2.3522219
girleatworld,romantic traveling,https://scontent-frt3-2.cdninstagram.com/vp/54bd12dc1d84c424f638bb007b308e6d/5C342509/t51.2885-15/e35/34526808_237485453649976_321653360677617664_n.jpg?se=7&ig_cache_key=MTgxMDkwNzU3OTQ3NDAwOTcxMg%3D%3D.2,https://gymlive.net/girleatworld/photo/1810907579474009712_1315397121,Tour Eiffel,48.85837009999999,2.2944813
girleatworld,romantic traveling,https://scontent-frt3-2.cdninstagram.com/vp/0d84a315c6da04db6445b220dbc575ae/5C0672D2/t51.2885-15/e35/35998598_236984043754872_7373952758350610432_n.jpg?se=7&ig_cache_key=MTgxMDA3MzMwOTE4MDQ0MjY0NA%3D%3D.2,https://gymlive.net/girleatworld/photo/1810073309180442644_1315397121,"Paris, France",48.856614,2.3522219
girleatworld,romantic traveling,https://scontent-frt3-2.cdninstagram.com/vp/fe82ab1fe701b709cc23a9a05deaf0d9/5C05D740/t51.2885-15/e35/33792439_235187740578929_3178280746842324992_n.jpg?se=7&ig_cache_key=MTc5Njk5NDY2NjY3NjIzNzk0OQ%3D%3D.2,https://gymlive.net/girleatworld/photo/1796994666676237949_1315397121,"Jiufen, Taipei, Taiwan",25.109187,121.8462979
girleatworld,romantic traveling,https://scontent-frt3-2.cdninstagram.com/vp/85cf2808e81fca2b1e991f83b3c382fd/5BFEAA5F/t51.2885-15/e35/32063872_182383762418227_5072564592295542784_n.jpg?se=7&ig_cache_key=MTc4NDU3OTkyNjY4MTE2NTY4Mg%3D%3D.2,https://gymlive.net/girleatworld/photo/1784579926681165682_1315397121,Harajuku,35.6716283,139.7102847
girleatworld,romantic traveling,https://scontent-frt3-2.cdninstagram.com/vp/4504153693b2f9695dedc0cd0d9aa224/5BFF0A78/t51.2885-15/e35/31230301_240175940063026_8252640158726225920_n.jpg?se=7&ig_cache_key=MTc3NDM2Mjc0NDQwNjM5MDEyNA%3D%3D.2,https://gymlive.net/girleatworld/photo/1774362744406390124_1315397121,Raohe night Market 饒河夜市,25.0509541,121.5775254
girleatworld,romantic traveling,https://scontent-frt3-2.cdninstagram.com/vp/49ed8ec2ac8fd95a07685f2cd6b61418/5C1A85AB/t51.2885-15/e35/30923476_1996311947253179_5507578654063853568_n.jpg?se=7&ig_cache_key=MTc3MDM2OTg4NjkxMzM2MjM0MQ%3D%3D.2,https://gymlive.net/girleatworld/photo/1770369886913362341_1315397121,西門町 Ximenting,25.0456572,121.5077373
girleatworld,romantic traveling,https://scontent-frt3-2.cdninstagram.com/vp/c8609f7330b423afb07d3729bcdd1c19/5C3142A0/t51.2885-15/e35/30601569_1789489401347492_5026605955442278400_n.jpg?se=7&ig_cache_key=MTc2NjExNTk3OTUyMTU0MjkzMQ%3D%3D.2,https://gymlive.net/girleatworld/photo/1766115979521542931_1315397121,"Kyiv, Ukraine",50.4501,30.5234
girleatworld,romantic traveling,https://scontent-frt3-2.cdninstagram.com/vp/a3d656a6b05eb9c61671b127a7329f63/5C0319E8/t51.2885-15/e35/29090976_355327994875202_4333924998721830912_n.jpg?se=7&ig_cache_key=MTczOTE1NjE5MjgwNDIzNTM3Ng%3D%3D.2,https://gymlive.net/girleatworld/photo/1739156192804235376_1315397121,Bruny Island Tasmania,-43.3937074,147.2679116
girleatworld,romantic traveling,https://scontent-frt3-2.cdninstagram.com/vp/4eb49f40a206678dc1f076874e294cfc/5BFCB224/t51.2885-15/e35/28753608_193554644581072_9148407235288760320_n.jpg?se=7&ig_cache_key=MTczNTU2MzE3NzUzMTU3MTEyNA%3D%3D.2,https://gymlive.net/girleatworld/photo/1735563177531571124_1315397121,Freycinet National Park,-42.1306443,148.3123093
girleatworld,romantic traveling,https://scontent-frt3-2.cdninstagram.com/vp/3d37e423b9d29f9392b03410df638abc/5BF8A0C5/t51.2885-15/e35/28750736_223856504847370_8245132521533079552_n.jpg?se=7&ig_cache_key=MTczMzMyNDc4MTE2OTk2OTU4Mg%3D%3D.2,https://gymlive.net/girleatworld/photo/1733324781169969582_1315397121,Freycinet National Park,-42.1306443,148.3123093
girleatworld,romantic traveling,https://scontent-frt3-2.cdninstagram.com/vp/c8a63e6497bcefa622082592df4728ad/5C346FD6/t51.2885-15/e35/27581732_161298641331246_549286343897776128_n.jpg?se=7&ig_cache_key=MTcxNzQzMjcyMzUzNjQ0MTQ0MA%3D%3D.2,https://gymlive.net/girleatworld/photo/1717432723536441440_1315397121,Thian Hock Keng,1.2810871,103.8474767
girleatworld,romantic traveling,https://scontent-frt3-2.cdninstagram.com/vp/992894572ab1ac34849af8a9fa8ae36e/5C380174/t51.2885-15/e35/27579063_1972763946376422_8997618943640207360_n.jpg?se=7&ig_cache_key=MTcxMDIzMTMyNTU2NDQ5MDY2MA%3D%3D.2,https://gymlive.net/girleatworld/photo/1710231325564490660_1315397121,赤目四十八滝,34.5634144,136.0857052
girleatworld,romantic traveling,https://scontent-frt3-2.cdninstagram.com/vp/d6f0f718475783a84b173c1d8f5f9ebf/5C322B5A/t51.2885-15/e35/27573687_169115087042862_9180615371135123456_n.jpg?se=7&ig_cache_key=MTcwOTE0MzE2MjQ4MTg5MDkyOQ%3D%3D.2,https://gymlive.net/girleatworld/photo/1709143162481890929_1315397121,赤目四十八滝,34.5634144,136.0857052
girleatworld,romantic traveling,https://scontent-frt3-2.cdninstagram.com/vp/831d4c9a5eae4c74a6c5e5446adde4ba/5BFFFECF/t51.2885-15/e35/27573823_153043628689340_418887675047575552_n.jpg?se=7&ig_cache_key=MTcwNzY3NDY2NTUzMjg4MzYyMg%3D%3D.2,https://gymlive.net/girleatworld/photo/1707674665532883622_1315397121,"Kyoto, Japan",35.0116363,135.7680294
girleatworld,romantic traveling,https://scontent-frt3-2.cdninstagram.com/vp/9e0a28dc2872a652a6f69689d983d17f/5C1DE3F0/t51.2885-15/e35/27573609_1611207065634729_4238210961040736256_n.jpg?se=7&ig_cache_key=MTcwMzAwNjUxNzU5NjY5NDc5NQ%3D%3D.2,https://gymlive.net/girleatworld/photo/1703006517596694795_1315397121,La Brisa Bali,-8.654611,115.124844
girleatworld,romantic traveling,https://scontent-frt3-2.cdninstagram.com/vp/f6ebd4034339d3039a6403a5bee610be/5C329145/t51.2885-15/e35/26310915_161456544578093_7510690446742388736_n.jpg?se=7&ig_cache_key=MTY5NzkxODI3OTk2NjA4Njg4OA%3D%3D.2,https://gymlive.net/girleatworld/photo/1697918279966086888_1315397121,Cekingan Rice Terrace Bali,-8.4337034,115.2786689
girleatworld,romantic traveling,https://scontent-frt3-2.cdninstagram.com/vp/5a40b82c7fa70e774ac6ce0eff7a567a/5C004801/t51.2885-15/e35/26155698_208932282999164_9188226813392846848_n.jpg?se=7&ig_cache_key=MTY5NDE3OTkzODU1MjYzNDcxMw%3D%3D.2,https://gymlive.net/girleatworld/photo/1694179938552634713_1315397121,Mount Batur Bali Volcano,-8.2401299,115.3774944
girleatworld,romantic traveling,https://scontent-frt3-2.cdninstagram.com/vp/49885f4e8ec27b1a21f6571d8df70af6/5BF87F13/t51.2885-15/e35/26072429_137427540271685_206623519331581952_n.jpg?se=8&ig_cache_key=MTY4OTE4MjQ3ODExNzc2MjM5OQ%3D%3D.2,https://gymlive.net/girleatworld/photo/1689182478117762399_1315397121,"Lviv, Ukraine",49.839683,24.029717
girleatworld,romantic traveling,https://scontent-frt3-2.cdninstagram.com/vp/368f53ef155e0bcc0510c1828f70dcbf/5C1E8D32/t51.2885-15/e35/25021611_401478606947794_7952897651018563584_n.jpg?se=8&ig_cache_key=MTY4MDIwNzI3NzMwODc4NzY3OA%3D%3D.2,https://gymlive.net/girleatworld/photo/1680207277308787678_1315397121,Singapore,1.352083,103.819836
girleatworld,romantic traveling,https://scontent-frt3-2.cdninstagram.com/vp/719c83dccf9fe7498aaa8a95614c59d7/5C1A5E7C/t51.2885-15/e35/25008170_377899652656333_2247419174676594688_n.jpg?se=8&ig_cache_key=MTY3Mzc3MjQxMTE4NDg2MjQ5MA%3D%3D.2,https://gymlive.net/girleatworld/photo/1673772411184862490_1315397121,Osaka Castle Park,34.682265,135.5305406
girleatworld,romantic traveling,https://scontent-frt3-2.cdninstagram.com/vp/a6e371ccdf23f695bb3f09ee7be9b22b/5C1814D8/t51.2885-15/e35/25016183_1619477968132238_6126134840396873728_n.jpg?se=8&ig_cache_key=MTY2ODkwNDc2MjkwNjg3NzQzOQ%3D%3D.2,https://gymlive.net/girleatworld/photo/1668904762906877439_1315397121,Osaka,34.6937378,135.5021651
girleatworld,romantic traveling,https://scontent-frt3-2.cdninstagram.com/vp/a157b62427ed0e08497598b184a521ac/5BFF3FE3/t51.2885-15/e35/24327584_1268564063250359_1929614817660764160_n.jpg?se=8&ig_cache_key=MTY2MzEyNzExNTg4MjkyNjQwMg%3D%3D.2,https://gymlive.net/girleatworld/photo/1663127115882926402_1315397121,Singapore,1.352083,103.819836
girleatworld,romantic traveling,https://scontent-frt3-2.cdninstagram.com/vp/6cedc36f886a5e6bbd5637fc8f099a20/5C312E56/t51.2885-15/e35/24125414_1740464879310877_6635722427915567104_n.jpg?se=8&ig_cache_key=MTY1ODA3MDQ0ODg3MDk3NjM5MA%3D%3D.2,https://gymlive.net/girleatworld/photo/1658070448870976390_1315397121,"Kyoto, Japan",35.0116363,135.7680294
girleatworld,romantic traveling,https://scontent-frt3-2.cdninstagram.com/vp/ea51df5478ace6a674d5c72116f7d30d/5C34280A/t51.2885-15/e35/22639395_1278543662250210_4038476221359587328_n.jpg?se=8&ig_cache_key=MTYyNzYyODI0ODEyNzM1NjU2MA%3D%3D.2,https://gymlive.net/girleatworld/photo/1627628248127356560_1315397121,"Budapest, Hungary",47.497912,19.040235
girleatworld,romantic traveling,https://scontent-frt3-2.cdninstagram.com/vp/5a12d6094626a2753f3bb0f739c16be7/5BFDC238/t51.2885-15/e35/22351647_1489117134502859_8600027868224815104_n.jpg?se=8&ig_cache_key=MTYyMTc5MjI0NDMwMDU5NjExNQ%3D%3D.2,https://gymlive.net/girleatworld/photo/1621792244300596115_1315397121,"Bangkok, Thailand",13.7563309,100.5017651
girleatworld,romantic traveling,https://scontent-frt3-2.cdninstagram.com/vp/6cb8f5fe4b1ed55ac3c1da51a2077fe3/5C396FD5/t51.2885-15/e35/21909653_1998580610428791_7927118196451049472_n.jpg?se=8&ig_cache_key=MTYxMDg3ODgxMTI5NjQwMjUwMA%3D%3D.2,https://gymlive.net/girleatworld/photo/1610878811296402500_1315397121,People's Park Complex,1.2843198,103.8425951
girleatworld,romantic traveling,https://scontent-frt3-2.cdninstagram.com/vp/fad253efcc33e10f6113c295471efc74/5C0689AF/t51.2885-15/e35/21568596_121203668496057_158276760402657280_n.jpg?se=8&ig_cache_key=MTYwMTU1MzM1OTI1MTQ4NjI2MA%3D%3D.2,https://gymlive.net/girleatworld/photo/1601553359251486260_1315397121,Myeongdong Shopping Street,37.5641885,126.986118
girleatworld,romantic traveling,https://scontent-frt3-2.cdninstagram.com/vp/8c71cda7629bc6b295e00acbc41b6f33/5C1C15A9/t51.2885-15/e35/21433920_2386140804943876_1192896856879792128_n.jpg?se=8&ig_cache_key=MTU5OTY4MTc2MDU5NjM3NzIyNw%3D%3D.2,https://gymlive.net/girleatworld/photo/1599681760596377227_1315397121,"Seoul, South Korea",37.566535,126.9779692
girleatworld,romantic traveling,https://scontent-frt3-2.cdninstagram.com/vp/75152a7c4d7592ba2f97fbb3b8843eca/5C1794A2/t51.2885-15/e35/21297012_1911163915875607_5483572887845601280_n.jpg?se=8&ig_cache_key=MTU5NzE4NTAwOTAwMDA3MDYxNg%3D%3D.2,https://gymlive.net/girleatworld/photo/1597185009000070616_1315397121,"Seoul, South Korea - 서울",37.566535,126.9779692
girleatworld,romantic traveling,https://scontent-frt3-2.cdninstagram.com/vp/f092115facca1fde16a63fc9b397c444/5BFEC870/t51.2885-15/e35/21372570_346113029168738_1886626064793337856_n.jpg?se=8&ig_cache_key=MTU5NjM4OTE2NTUyNjk3MzI2OQ%3D%3D.2,https://gymlive.net/girleatworld/photo/1596389165526973269_1315397121,Garosu Gil,37.523053,127.022758
girleatworld,romantic traveling,https://scontent-frt3-2.cdninstagram.com/vp/fbaf003d97b8c74f191cbca77d1d64ba/5C085E9C/t51.2885-15/e35/21224634_1776708745676785_3698269263388213248_n.jpg?se=8&ig_cache_key=MTU5NTAyMTE2NTk3MjUzNjI5MA%3D%3D.2,https://gymlive.net/girleatworld/photo/1595021165972536290_1315397121,Myeong-dong,37.55998,126.9858296
girleatworld,romantic traveling,https://scontent-frt3-2.cdninstagram.com/vp/b3db5e3dfa1d32d0bf54ab89ab1bfa73/5BFB161C/t51.2885-15/e35/21107497_1382509218493415_6913862250851729408_n.jpg?se=8&ig_cache_key=MTU5NDA4Njc5NjEzOTI0NTQ4Nw%3D%3D.2,https://gymlive.net/girleatworld/photo/1594086796139245487_1315397121,Insa-Dong Art Street - 인사동 고미술거리,37.5732592,126.9857424
girleatworld,romantic traveling,https://scontent-frt3-2.cdninstagram.com/vp/48748246e4656f56ec01902787cf8242/5BFD7E24/t51.2885-15/e35/20987235_656747511193514_8759069424863936512_n.jpg?se=8&ig_cache_key=MTU4NTk1MTU3OTE4ODk4ODI0NQ%3D%3D.2,https://gymlive.net/girleatworld/photo/1585951579188988245_1315397121,NightQuarter,-27.9233168,153.3381024
girleatworld,romantic traveling,https://scontent-frt3-2.cdninstagram.com/vp/0637ee8d54fe915bea3220c94bd172dc/5C1C71F4/t51.2885-15/e35/20905267_663794220476620_5536932036817715200_n.jpg?se=8&ig_cache_key=MTU4Mzk2ODIwMjIyMzA3ODYxNA%3D%3D.2,https://gymlive.net/girleatworld/photo/1583969542957498290_1315397121,Верховина Карпати,48.15432320000001,24.8196946
girleatworld,romantic traveling,https://scontent-frt3-2.cdninstagram.com/vp/79b4fabc3ef38f42ba4022959409d416/5BFEF85A/t51.2885-15/e35/20837586_138666636734087_8782203789462470656_n.jpg?se=8&ig_cache_key=MTU4MzA2MDE2MzkzNjY4NDc0Mg%3D%3D.2,https://gymlive.net/girleatworld/photo/1583060163936684742_1315397121,Gili Islands,-8.351844,116.0561632
girleatworld,romantic traveling,https://scontent-frt3-2.cdninstagram.com/vp/e5915855aaf0572f5b3de67f53617558/5C3664EA/t51.2885-15/e35/20398175_107518926598405_6001381571049816064_n.jpg?se=8&ig_cache_key=MTU3MDQyNjU5ODI1ODU0OTk3OA%3D%3D.2,https://gymlive.net/girleatworld/photo/1570426598258549978_1315397121,Fuji Rock Festival,39.3668826,-104.859332
girleatworld,romantic traveling,https://scontent-frt3-2.cdninstagram.com/vp/a7d292baa7e85edf677f6cc3dad8b805/5C3AAECF/t51.2885-15/e35/20214059_112413919409541_96628281599590400_n.jpg?se=8&ig_cache_key=MTU2Mzg4NzE5MDcwOTYyMTI0OQ%3D%3D.2,https://gymlive.net/girleatworld/photo/1563887190709621249_1315397121,Ворохта-Карпати,48.2834458,24.5670568
girleatworld,romantic traveling,https://scontent-frt3-2.cdninstagram.com/vp/fdd90c9d555805e8fcc8e5e6c677d77d/5C36673E/t51.2885-15/e35/19986083_1082609511873736_2147437567295881216_n.jpg?se=8&ig_cache_key=MTU2MDAxNDU5NDQ4MjA0NDE3OQ%3D%3D.2,https://gymlive.net/girleatworld/photo/1560014594482044179_1315397121,"Rynek Główny, Krakow",50.0618971,19.9367559
girleatworld,romantic traveling,https://scontent-frt3-2.cdninstagram.com/vp/b2d510ac1941db605a159051e4d5b5b8/5C3A2BDB/t51.2885-15/e35/18947358_298459553897360_8747614811510013952_n.jpg?se=8&ig_cache_key=MTU1MzI1MjYyMTc5NDU0MzU3NQ%3D%3D.2,https://gymlive.net/girleatworld/photo/1553252621794543575_1315397121,Kazimierz Plac Nowy,50.0518711,19.9446205
girleatworld,romantic traveling,https://scontent-frt3-2.cdninstagram.com/vp/f3ece822783992c4a1e479084984672e/5C392ADD/t51.2885-15/e35/19764819_321221354983218_1456177746534203392_n.jpg?se=8&ig_cache_key=MTU1MjA1Mjk4NTYxMjY1NTU3MA%3D%3D.2,https://gymlive.net/girleatworld/photo/1552052985612655570_1315397121,Верховина Карпати,48.15432320000001,24.8196946
girleatworld,romantic traveling,https://scontent-frt3-2.cdninstagram.com/vp/723184495346b0f0f3cca3c62521692c/5C04B2C4/t51.2885-15/e35/19761906_1924225514487478_7928682204496920576_n.jpg?se=8&ig_cache_key=MTU1MDEzNTUxOTA4MDYzMjcxMQ%3D%3D.2,https://gymlive.net/girleatworld/photo/1550135519080632711_1315397121,"Prague, Czech Republic",50.0755381,14.4378005
girleatworld,romantic traveling,https://scontent-frt3-2.cdninstagram.com/vp/16cafc313199b257ab1d59d88f5c2033/5C03F9BA/t51.2885-15/e35/19623133_102562087049518_446202889661054976_n.jpg?se=8&ig_cache_key=MTU0ODU1OTUwNzI3MjQ0MTY3NA%3D%3D.2,https://gymlive.net/girleatworld/photo/1548559507272441674_1315397121,"Budapest, Hungary",47.497912,19.040235
girleatworld,romantic traveling,https://scontent-frt3-2.cdninstagram.com/vp/f647370c18ad4d85fc7fe9dfbcc7e633/5C364320/t51.2885-15/e35/19424667_316157942175030_6503401314523807744_n.jpg?se=8&ig_cache_key=MTU0NjE3MTMxMDcxNDI5OTkxNg%3D%3D.2,https://gymlive.net/girleatworld/photo/1546171310714299916_1315397121,"Potsdam, Germany",52.3905689,13.0644729
girleatworld,romantic traveling,https://scontent-frt3-2.cdninstagram.com/vp/20fea23de5b4ed312257ff39da86f3b4/5C175799/t51.2885-15/e35/19428996_140108463211278_60163657069232128_n.jpg?se=8&ig_cache_key=MTU0NTA3OTk2NzUxODY3OTQwMQ%3D%3D.2,https://gymlive.net/girleatworld/photo/1545079967518679401_1315397121,Checkpoint Charlie,52.5074434,13.3903913
girleatworld,romantic traveling,https://scontent-frt3-2.cdninstagram.com/vp/8f2cc0e9876f85be29845514b370f94f/5C39544A/t51.2885-15/e35/18579978_204481516737416_7286125466035945472_n.jpg?se=8&ig_cache_key=MTUyMDQwMjc0Nzc1NjA2OTM1Mg%3D%3D.2,https://gymlive.net/girleatworld/photo/1520402747756069352_1315397121,Rothenburg ob der Tauber,49.3801834,10.1867388
girleatworld,romantic traveling,https://scontent-frt3-2.cdninstagram.com/vp/f3acd55517be4c7f086b25a2d6488aa5/5C39C378/t51.2885-15/e35/18513245_308808546208194_9125768144843964416_n.jpg?se=8&ig_cache_key=MTUxODkwMzc1NTc2NzQ2NzI4MQ%3D%3D.2,https://gymlive.net/girleatworld/photo/1518903755767467281_1315397121,Mooloolaba Fish Market,-26.6845184,153.1323798
girleatworld,romantic traveling,https://scontent-frt3-2.cdninstagram.com/vp/db72c4e2447acfb39e2a22d22df7e8de/5C18B44A/t51.2885-15/e35/18382331_2061175864120533_3730550160275537920_n.jpg?se=8&ig_cache_key=MTUxMzU3MTEwMDA2MjQ5NjQ1Nw%3D%3D.2,https://gymlive.net/girleatworld/photo/1513571100062496457_1315397121,Boracay Philippines,11.9673753,121.924815
girleatworld,romantic traveling,https://scontent-frt3-2.cdninstagram.com/vp/d71c25cbedc908077ec5c6000d13b3bc/5C34D177/t51.2885-15/e35/18381853_1374307782606206_8460037545265201152_n.jpg?se=8&ig_cache_key=MTUxMDg2MjAxNDQxODIxNDcyOA%3D%3D.2,https://gymlive.net/girleatworld/photo/1510862014418214728_1315397121,Boracay Philippines,11.9673753,121.924815
girleatworld,romantic traveling,https://scontent-frt3-2.cdninstagram.com/vp/49fc80acc1b21e4b13fa3365719d5f61/5BFD110A/t51.2885-15/e35/18013362_470958286568790_7839334601133654016_n.jpg?se=8&ig_cache_key=MTUwMjI3NzUxODkwNzIyNzc1NQ%3D%3D.2,https://gymlive.net/girleatworld/photo/1502277518907227755_1315397121,Noosa Main Beach,-26.398,153.093
girleatworld,romantic traveling,https://scontent-frt3-2.cdninstagram.com/vp/fe8c38e7c60061ac4e4ec0512c735ace/5C1E23F0/t51.2885-15/e35/17881940_1921982418045138_7927595998677827584_n.jpg?se=8&ig_cache_key=MTQ5Nzc4MDY3NjY3MjY0Mzk3Nw%3D%3D.2,https://gymlive.net/girleatworld/photo/1497780676672643977_1315397121,"Gold Coast, Queensland",-28.016667,153.4
girleatworld,romantic traveling,https://scontent-frt3-2.cdninstagram.com/vp/3e07f1267387e3c335c02c1b9809cf99/5C093441/t51.2885-15/e35/18011271_1617985778212376_8605345858076016640_n.jpg?se=8&ig_cache_key=MTQ5NjMwNzY1ODA0NTgyNDM0MA%3D%3D.2,https://gymlive.net/girleatworld/photo/1496307658045824340_1315397121,The Big Barrel - Maleny,-26.775721,152.8979755
girleatworld,romantic traveling,https://scontent-frt3-2.cdninstagram.com/vp/1092855214ad808a353597e4012a4b85/5C3949F1/t51.2885-15/e35/17932187_202302136940299_5513164959111970816_n.jpg?se=8&ig_cache_key=MTQ5Mjc3MDc5MDMwMjAyMjI0OQ%3D%3D.2,https://gymlive.net/girleatworld/photo/1492770790302022249_1315397121,"Gold Coast, Queensland",-28.016667,153.4
girleatworld,romantic traveling,https://scontent-frt3-2.cdninstagram.com/vp/fae798eb35da95da2a32f678dd814e18/5C1ABEB2/t51.2885-15/e35/17587238_863425800487876_4066993640268890112_n.jpg?se=8&ig_cache_key=MTQ4MzQ1MzA2OTc3NzA0MTgxMQ%3D%3D.2,https://gymlive.net/girleatworld/photo/1483453069777041811_1315397121,City God Temple of Shanghai,31.225731,121.492507
girleatworld,romantic traveling,https://scontent-frt3-2.cdninstagram.com/vp/749bee29ec764bd0846fb094d4040a62/5C3BCC8F/t51.2885-15/e35/17268234_199364497216895_6801810531238805504_n.jpg?se=7&ig_cache_key=MTQ2OTU4MDc5ODYxMjI0MzM3NQ%3D%3D.2,https://gymlive.net/girleatworld/photo/1469580798612243375_1315397121,Bromo Tengger Semeru National Park,-8.0218747,112.9524384
girleatworld,romantic traveling,https://scontent-frt3-2.cdninstagram.com/vp/89ae29121ec0984fdc39e8375d4a8583/5C3502ED/t51.2885-15/e35/16229061_462872994101118_3979905481761095680_n.jpg?se=7&ig_cache_key=MTQzOTE5ODUzNDAxMjE5NDQwMg%3D%3D.2,https://gymlive.net/girleatworld/photo/1439198534012194402_1315397121,"Shanghai, China",31.2303904,121.4737021
girleatworld,romantic traveling,https://scontent-frt3-2.cdninstagram.com/vp/edd938ee2e35bbb9cb2b0c89509c2f4c/5C3568EF/t51.2885-15/e35/16110580_157460728075923_5463963016359837696_n.jpg?se=7&ig_cache_key=MTQyOTg0MDU0NTYxMDMyNzY4NQ%3D%3D.2,https://gymlive.net/girleatworld/photo/1429840545610327685_1315397121,Ruiny katedry św. Pawła w Makau,22.1976747,113.5408604
girleatworld,romantic traveling,https://scontent-frt3-2.cdninstagram.com/vp/640d85ae35ad6dc132da4a2f08ca81b8/5C06B31A/t51.2885-15/e35/15801953_229335970847213_233446247225098240_n.jpg?se=7&ig_cache_key=MTQyNDAwNzM5NTYzODI4OTg4NQ%3D%3D.2,https://gymlive.net/girleatworld/photo/1424007395638289885_1315397121,Yang's Fried Dumplings,31.2392514,121.4838204
girleatworld,romantic traveling,https://scontent-frt3-2.cdninstagram.com/vp/663f8a5b333f71d046d205d69499b0b8/5C06B4B1/t51.2885-15/e35/15802356_168176790331198_4236929776591306752_n.jpg?se=7&ig_cache_key=MTQyMDMzODA1NDM1MDk3MzU3MQ%3D%3D.2,https://gymlive.net/girleatworld/photo/1420338054350973571_1315397121,"Walking Street Of Nanjing Road, Shanghai 南京路步行街",31.2357888,121.4774342
girleatworld,romantic traveling,https://scontent-frt3-2.cdninstagram.com/vp/3773198f1e62fc6e7e06917597ed79d3/5C075D8C/t51.2885-15/e35/15802947_1267694383253063_8656617012992147456_n.jpg?se=7&ig_cache_key=MTQxNzI3NjA5NTA5MTEzMjc2Ng%3D%3D.2,https://gymlive.net/girleatworld/photo/1417276095091132766_1315397121,Bund,40.7263492,-73.8531603
girleatworld,romantic traveling,https://scontent-frt3-2.cdninstagram.com/vp/80d671cd61de92475bf6f9922b245e90/5BFD7497/t51.2885-15/e35/15534865_129226860906756_6441522973366026240_n.jpg?se=7&ig_cache_key=MTQxMzUyOTA5NzAxMTQ2NzEwMg%3D%3D.2,https://gymlive.net/girleatworld/photo/1413529097011467102_1315397121,"Sea Of Sand, Bromo Mountain",-7.9424936,112.9530122
girleatworld,romantic traveling,https://scontent-frt3-2.cdninstagram.com/vp/73ab6801b299c6ee39b78f35cc1afa9d/5C05DBB9/t51.2885-15/e35/15275653_587439278117490_3090777849112559616_n.jpg?se=7&ig_cache_key=MTQwNTY4OTI2MDMzODM5MTAzMQ%3D%3D.2,https://gymlive.net/girleatworld/photo/1405689260338391031_1315397121,"Salt, Jordan",32.0366011,35.7288398
girleatworld,romantic traveling,https://scontent-frt3-2.cdninstagram.com/vp/9ac3d2693cfe16876f6d4eec57ef6c41/5C042CB8/t51.2885-15/e35/15034478_1217427868322996_6659205685592457216_n.jpg?se=7&ig_cache_key=MTM4Mjk1MjczNjg3NDU1MTQwNQ%3D%3D.2,https://gymlive.net/girleatworld/photo/1382952736874551405_1315397121,Marina Bay Sands,1.2833754,103.8607264
girleatworld,romantic traveling,https://scontent-frt3-2.cdninstagram.com/vp/60484c5d611dd8cd0c2b491047dbae24/5C14D0AF/t51.2885-15/e35/14712086_199046330526257_3014798503256784896_n.jpg?se=7&ig_cache_key=MTM2MTMwMjQyMTkyMjE2ODU5Ng%3D%3D.2,https://gymlive.net/girleatworld/photo/1361302421922168596_1315397121,グラバー園,32.7343787,129.8691425
girleatworld,romantic traveling,https://scontent-frt3-2.cdninstagram.com/vp/1879f2b74abbe9b1c41003d0adf27543/5BFBD25F/t51.2885-15/e35/14727659_345853679083781_1664765977180504064_n.jpg?se=7&ig_cache_key=MTM1OTExODE1MjA5NzM4Njg5NA%3D%3D.2,https://gymlive.net/girleatworld/photo/1359118152097386894_1315397121,"District 1, Ho Chi Minh City",10.7756587,106.7004238
girleatworld,romantic traveling,https://scontent-frt3-2.cdninstagram.com/vp/4886125d9d835afbe6724b5b3f95072a/5BFB6CFE/t51.2885-15/e35/14482973_314611162244815_6164261943688298496_n.jpg?se=8&ig_cache_key=MTM1Nzk3NTYyOTk0NTY1MDcxOQ%3D%3D.2,https://gymlive.net/girleatworld/photo/1357975629945650719_1315397121,Dejima,32.7421957,129.8729178
girleatworld,romantic traveling,https://scontent-frt3-2.cdninstagram.com/vp/d993f199b2a77a13ad5c740c88e76adc/5C33DD34/t51.2885-15/e35/14566776_530699950465344_8238131303933804544_n.jpg?se=8&ig_cache_key=MTM1NjQwNTg1NjY2MTMwMDU3Mg%3D%3D.2,https://gymlive.net/girleatworld/photo/1356405856661300572_1315397121,Bánh Mì Huỳnh Hoa,10.7715222,106.6923943
girleatworld,romantic traveling,https://scontent-frt3-2.cdninstagram.com/vp/de0b01c6e9c47cc6c050919391736185/5C022508/t51.2885-15/e35/14533676_177120432733373_7295273836570738688_n.jpg?se=8&ig_cache_key=MTM1NDMyNzg0MTU2NzU1MzI3NA%3D%3D.2,https://gymlive.net/girleatworld/photo/1354327841567553274_1315397121,Nagasaki Peace Park,32.7759864,129.8634128
girleatworld,romantic traveling,https://scontent-frt3-2.cdninstagram.com/vp/ef26f20b6643d33ac337c9534da8af87/5C18883D/t51.2885-15/e35/14533465_1783318921942867_6942866500009066496_n.jpg?se=8&ig_cache_key=MTM0OTY0MjM0NDM4Nzc1MTcyMQ%3D%3D.2,https://gymlive.net/girleatworld/photo/1349642344387751721_1315397121,"Aso-shi, Kumamoto, Japan",32.9519535,131.1209554
girleatworld,romantic traveling,https://scontent-frt3-2.cdninstagram.com/vp/e1543a8578832f38f6b276b967d8fead/5C035B86/t51.2885-15/e35/14487220_501113840013137_2240780813094354944_n.jpg?se=8&ig_cache_key=MTM0OTA3ODg1NDIwODA1NzgyOQ%3D%3D.2,https://gymlive.net/girleatworld/photo/1349078854208057829_1315397121,Chinatown Singapore免費食物吃不完的秘密基地,1.352083,103.819836
girleatworld,romantic traveling,https://scontent-frt3-2.cdninstagram.com/vp/c1708093078263fa06b60bbc1dc2fa9a/5C0538F5/t51.2885-15/e35/14287913_625975150896096_5921151899788115968_n.jpg?se=8&ig_cache_key=MTM0NDY1NjYzNDg3NDIyMjM4Mg%3D%3D.2,https://gymlive.net/girleatworld/photo/1344656634874222382_1315397121,Kumamoto Castle,32.8061859,130.7058335
girleatworld,romantic traveling,https://scontent-frt3-2.cdninstagram.com/vp/9a5c3a47bd985bbe7b28d01697594a1c/5C0479EA/t51.2885-15/e35/14350483_188355074901373_1604513785_n.jpg?se=8&ig_cache_key=MTM0MDg4OTY4MTAyNjI1OTAxNQ%3D%3D.2,https://gymlive.net/girleatworld/photo/1340889681026259015_1315397121,"Nagasaki, Nagasaki",32.7502856,129.877667
girleatworld,romantic traveling,https://scontent-frt3-2.cdninstagram.com/vp/35b7714a8456a9c64329f73227f52e95/5BFD2DA0/t51.2885-15/e35/14295406_750424941762485_1161874029_n.jpg?se=8&ig_cache_key=MTMzODIxMTI0NDA5MjI2MTQxNQ%3D%3D.2,https://gymlive.net/girleatworld/photo/1338211244092261415_1315397121,Hiroshima,34.3852029,132.4552927
girleatworld,romantic traveling,https://scontent-frt3-2.cdninstagram.com/vp/aa2435df20006c1c671384d654790283/5C1CE211/t51.2885-15/e35/14026790_947569288699071_1492569271_n.jpg?se=8&ig_cache_key=MTMyNjA2NjI3NzQ2NzIzNjAxNw%3D%3D.2,https://gymlive.net/girleatworld/photo/1326066277467236017_1315397121,"Tanah Lot, Bali, Indonesia",-8.621213,115.086807
girleatworld,romantic traveling,https://scontent-frt3-2.cdninstagram.com/vp/d2222f65f8d965ed2d544f21f70787fb/5C1B552C/t51.2885-15/e35/13725746_805290946239529_1581259528_n.jpg?se=8&ig_cache_key=MTMxMTM2MjU2NTgwNTA0ODcxMA%3D%3D.2,https://gymlive.net/girleatworld/photo/1311362565805048710_1315397121,Old Market- Siem Reap,13.3533748,103.8559809
girleatworld,romantic traveling,https://scontent-frt3-2.cdninstagram.com/vp/28029a13cc3b3902f5e60c2921a287f5/5BF7972E/t51.2885-15/e35/13743105_1279875308713357_1144187168_n.jpg?se=8&ig_cache_key=MTMwOTI4MDAyMjEyOTY1NDYxNQ%3D%3D.2,https://gymlive.net/girleatworld/photo/1309280022129654615_1315397121,Fushimi Inari-taisha,34.9671402,135.7726717
girleatworld,romantic traveling,https://scontent-frt3-2.cdninstagram.com/vp/283603b6d950bee73ba1ed7f4a5adb71/5C1CE44A/t51.2885-15/e35/13636245_154754104933455_846613809_n.jpg?se=8&ig_cache_key=MTI5MjA3NDU5ODEwMDA5NjkzMw%3D%3D.2,https://gymlive.net/girleatworld/photo/1292074598100096933_1315397121,"Petra ""The Rose City"" - Jordan",30.3284544,35.4443622
girleatworld,romantic traveling,https://scontent-frt3-2.cdninstagram.com/vp/705e6562e13e32be263537bd6f52224b/5BFFCAFF/t51.2885-15/e35/13561903_1555372508105954_892285343_n.jpg?se=8&ig_cache_key=MTI4NzM4NzgwMTc2Nzk1NjU0Nw%3D%3D.2,https://gymlive.net/girleatworld/photo/1287387801767956547_1315397121,"Kyoto, Japan",35.0116363,135.7680294
girleatworld,romantic traveling,https://scontent-frt3-2.cdninstagram.com/vp/c64a60e37ec01e8c541dcde032a31822/5C378ADB/t51.2885-15/e35/13561536_1721950724737015_19515598_n.jpg?se=8&ig_cache_key=MTI4NDEzNDIyNTgzODg5OTI3MQ%3D%3D.2,https://gymlive.net/girleatworld/photo/1284134225838899271_1315397121,"Kyoto, Japan",35.0116363,135.7680294
girleatworld,romantic traveling,https://scontent-frt3-2.cdninstagram.com/vp/c771a25df2015632bf925bd13d550d9a/5C070A55/t51.2885-15/e35/13473132_507557442776337_608252555_n.jpg?se=8&ig_cache_key=MTI4MTU0NjAxODg1Mjk4MDY3NQ%3D%3D.2,https://gymlive.net/girleatworld/photo/1281546018852980675_1315397121,Komodo National Park,-8.527716,119.4833198
girleatworld,romantic traveling,https://scontent-frt3-2.cdninstagram.com/vp/4afc92e2dfec6dff9db298118b94e2b6/5C00F674/t51.2885-15/e35/13398845_1805846192962596_1698002487_n.jpg?se=8&ig_cache_key=MTI3NjE0ODE4MzA1MjkyMTU3Mw%3D%3D.2,https://gymlive.net/girleatworld/photo/1276148183052921573_1315397121,Wadi Rum,29.534667,35.4079087
girleatworld,romantic traveling,https://scontent-frt3-2.cdninstagram.com/vp/9f949e34a3cb5175d42cd3ed889c4f83/5C152A7D/t51.2885-15/e35/13402532_887223371406365_625632799_n.jpg?se=8&ig_cache_key=MTI2NzI0NzA5NTc3MTkwMDIxNg%3D%3D.2,https://gymlive.net/girleatworld/photo/1267247095771900216_1315397121,"Kyoto, Japan",35.0116363,135.7680294
girleatworld,romantic traveling,https://scontent-frt3-2.cdninstagram.com/vp/864d6feb32c08308abcddc09643354bd/5C339623/t51.2885-15/e35/13320295_1576750692622885_1885963659_n.jpg?se=8&ig_cache_key=MTI2NTEyNDk5ODI2NjMwMDY1NQ%3D%3D.2,https://gymlive.net/girleatworld/photo/1265124998266300655_1315397121,Singapore,1.352083,103.819836
girleatworld,romantic traveling,https://scontent-frt3-2.cdninstagram.com/vp/527e976090869c7bb975705287003421/5C168C1F/t51.2885-15/e35/13249659_1285437068152711_1245272478_n.jpg?se=8&ig_cache_key=MTI2MjM5MTA4NzQzNDExNTk3Mw%3D%3D.2,https://gymlive.net/girleatworld/photo/1262391087434115973_1315397121,Hello Kitty 茶寮,34.99872,135.780737
girleatworld,romantic traveling,https://scontent-frt3-2.cdninstagram.com/vp/a421676e96ba270845c3fe3ebed3f709/5BFAFD10/t51.2885-15/e35/13259581_163155134087580_1929520351_n.jpg?se=8&ig_cache_key=MTI1NzU4OTgzNDEwNzY2MDMzMQ%3D%3D.2,https://gymlive.net/girleatworld/photo/1257589834107660331_1315397121,Dead Sea,31.5590287,35.4731895
girleatworld,romantic traveling,https://scontent-frt3-2.cdninstagram.com/vp/1c9c039e28c99543ca88fec1903800de/5C1B04BE/t51.2885-15/e35/13167196_277192215959937_1948958515_n.jpg?se=8&ig_cache_key=MTI1MjExNTU4ODY2NTM4NzYzNw%3D%3D.2,https://gymlive.net/girleatworld/photo/1252115588665387637_1315397121,Rothenburg ob der Tauber,49.3801834,10.1867388
girleatworld,romantic traveling,https://scontent-frt3-2.cdninstagram.com/vp/26e64133f112e64b1b0d7a21b03cca2d/5C157156/t51.2885-15/e35/13113943_1058547577563813_548153205_n.jpg?se=8&ig_cache_key=MTI1MTQ5NjAyNTE2MjU5MDU2NA%3D%3D.2,https://gymlive.net/girleatworld/photo/1251496025162590564_1315397121,"Amman, Jordan",31.9453666,35.9283716
girleatworld,romantic traveling,https://scontent-frt3-2.cdninstagram.com/vp/077122810989efdc147a463fb893cdd4/5C065EAB/t51.2885-15/e35/13102307_282031398798789_1205441265_n.jpg?se=8&ig_cache_key=MTI0Nzg1ODgyNzcyMDczMTQyNw%3D%3D.2,https://gymlive.net/girleatworld/photo/1247858827720731427_1315397121,"Dana, Jordan",30.6752585,35.6103002
girleatworld,romantic traveling,https://scontent-frt3-2.cdninstagram.com/vp/a1634fe83fdfd93c6615352a7335ffae/5C02E079/t51.2885-15/e35/13150804_1590411561271986_354629683_n.jpg?se=8&ig_cache_key=MTI0NzE4Mzc3MjQzNTE2NDAxNQ%3D%3D.2,https://gymlive.net/girleatworld/photo/1247183772435164015_1315397121,"Amman, Jordan",31.9453666,35.9283716
girleatworld,romantic traveling,https://scontent-frt3-2.cdninstagram.com/vp/f951cbb1811d591fd36805455a7105ef/5C34846C/t51.2885-15/e35/13183451_472390719621042_1424558147_n.jpg?se=7&ig_cache_key=MTI0NjI5Nzk1Njc5NjE0Nzg5MQ%3D%3D.2,https://gymlive.net/girleatworld/photo/1246297956796147891_1315397121,مطعم هاشم - Hashem Restaurant,31.9522917,35.9319405
girleatworld,romantic traveling,https://scontent-frt3-2.cdninstagram.com/vp/8c0d3de96b6bdd58d322cf552e22a1cb/5C1D5554/t51.2885-15/e35/13102588_234494340243009_1188778643_n.jpg?se=7&ig_cache_key=MTI0NDg5NTk3Nzg1MTEzNjg2MA%3D%3D.2,https://gymlive.net/girleatworld/photo/1244895977851136860_1315397121,Wadi Rum,29.534667,35.4079087
girleatworld,romantic traveling,https://scontent-frt3-2.cdninstagram.com/vp/888701a6e5aecfdbd3c1b57e3b3e904a/5C024BF0/t51.2885-15/e35/13151200_579448355564230_316521952_n.jpg?se=7&ig_cache_key=MTI0MzQyMzM5MTg5MTkyNTA2MA%3D%3D.2,https://gymlive.net/girleatworld/photo/1243423391891925060_1315397121,"Petra ""The Rose City"" - Jordan",30.3284544,35.4443622
girleatworld,romantic traveling,https://scontent-frt3-2.cdninstagram.com/vp/6c3fbe863c1332359f035c4131c9d400/5C34AEA3/t51.2885-15/e35/13129746_1527181547591588_1477376794_n.jpg?se=7&ig_cache_key=MTI0MTk5NzA2MTk5MjI5NDgxNw%3D%3D.2,https://gymlive.net/girleatworld/photo/1241997061992294817_1315397121,"Amman, Jordan",31.9453666,35.9283716
girleatworld,romantic traveling,https://scontent-frt3-2.cdninstagram.com/vp/d7e61447508e4451065983624ea259f3/5C175BCC/t51.2885-15/e35/13102370_1770267909860704_1787953892_n.jpg?se=7&ig_cache_key=MTI0MTMyMDQ2NjIzOTUzMTQ5Mw%3D%3D.2,https://gymlive.net/girleatworld/photo/1241320466239531493_1315397121,Salt Jordan - مدينة السلط,32.0366011,35.7288398
girleatworld,romantic traveling,https://scontent-frt3-2.cdninstagram.com/vp/f705eb2c3b50dc85dec61c090febd257/5C1D04D9/t51.2885-15/e35/13108783_491786831024330_416481278_n.jpg?se=7&ig_cache_key=MTI0MDYxODk4NjQxMDk0NTEyOQ%3D%3D.2,https://gymlive.net/girleatworld/photo/1240618986410945129_1315397121,"Amman, Jordan",31.9453666,35.9283716
girleatworld,romantic traveling,https://scontent-frt3-2.cdninstagram.com/vp/3780d667ecac0c0b4db86dcd25c932f2/5C36609F/t51.2885-15/e35/12976464_176784809382798_1783830527_n.jpg?se=7&ig_cache_key=MTI0MDAzODM4MjQwNTQ5NTU5Ng%3D%3D.2,https://gymlive.net/girleatworld/photo/1240038382405495596_1315397121,"Amman, Jordan",31.9453666,35.9283716
girleatworld,romantic traveling,https://scontent-frt3-2.cdninstagram.com/vp/58568f855a9e424f495d7a385ee501af/5C347622/t51.2885-15/e35/13092461_603774893119352_655184965_n.jpg?se=7&ig_cache_key=MTIzNjg4OTQ2NjAyOTgxMjMzNg%3D%3D.2,https://gymlive.net/girleatworld/photo/1236889466029812336_1315397121,Gunung Rinjani,-8.4112952,116.4573488
girleatworld,romantic traveling,https://scontent-frt3-2.cdninstagram.com/vp/7819abe076ec1cacc4f30e583dcd1561/5C1A3975/t51.2885-15/e35/12479391_223748981349001_478760468_n.jpg?se=7&ig_cache_key=MTIzMTE0MDg2MzUyMDg3NzUwMQ%3D%3D.2,https://gymlive.net/girleatworld/photo/1231140863520877501_1315397121,"Ninen-Zaka, Kyoto",34.9980853,135.7808363
girleatworld,romantic traveling,https://scontent-frt3-2.cdninstagram.com/vp/7c27c75e78f729ad239b217c08c1b229/5C313BBB/t51.2885-15/e35/12965081_1717524248504270_1499184353_n.jpg?se=7&ig_cache_key=MTIyOTYzODU1MDI5Nzg0ODA2MA%3D%3D.2,https://gymlive.net/girleatworld/photo/1229638550297848060_1315397121,"Kyoto, Japan",35.0116363,135.7680294
girleatworld,romantic traveling,https://scontent-frt3-2.cdninstagram.com/vp/20cda85e9469a64666438f016e4123ec/5C19D43A/t51.2885-15/e35/12960118_1193239814028511_1450530959_n.jpg?se=7&ig_cache_key=MTIyNzQ5OTI1NjI1NDkwMTEyMQ%3D%3D.2,https://gymlive.net/girleatworld/photo/1227499256254901121_1315397121,Shinkyogoku Market,35.005787,135.767249
girleatworld,romantic traveling,https://scontent-frt3-2.cdninstagram.com/vp/39987193d0035aeff25541cf7c7765ae/5C1A9BF6/t51.2885-15/e35/12519352_1706651229611773_1414477838_n.jpg?se=7&ig_cache_key=MTIyNjU2NzAyNDA3Mzg0NTc1NA%3D%3D.2,https://gymlive.net/girleatworld/photo/1226567024073845754_1315397121,Fushimi inari shrine　伏見稲荷,34.9671402,135.7726717
girleatworld,romantic traveling,https://scontent-frt3-2.cdninstagram.com/vp/7bfccc6d3f3f4bd61776753eadae2255/5BFC8B74/t51.2885-15/e35/12912309_1013239962100427_1187233742_n.jpg?se=7&ig_cache_key=MTIyNDk4NzU0NDkxODIzOTg0Ng%3D%3D.2,https://gymlive.net/girleatworld/photo/1224987544918239846_1315397121,Arashiyama Bamboo Forest,35.009449,135.666773
girleatworld,romantic traveling,https://scontent-frt3-2.cdninstagram.com/vp/7111ccd181957a4953f5ceb746cabce0/5C079A93/t51.2885-15/e35/12965277_535902579922658_153377209_n.jpg?se=7&ig_cache_key=MTIyNDI5NDQ5NTE2MjU0MjgxNQ%3D%3D.2,https://gymlive.net/girleatworld/photo/1224294495162542815_1315397121,Arashiyama,35.009449,135.666773
girleatworld,romantic traveling,https://scontent-frt3-2.cdninstagram.com/vp/ea9e8aef4892ee9746e7f4c87972d91b/5C318A5B/t51.2885-15/e35/12445834_1111265972270706_1661989446_n.jpg?se=7&ig_cache_key=MTIyMzYxODYyODAzNTg4MTIwNg%3D%3D.2,https://gymlive.net/girleatworld/photo/1223618628035881206_1315397121,Nishiki Market 京都锦市场,35.005008,135.7649016
girleatworld,romantic traveling,https://scontent-frt3-2.cdninstagram.com/vp/b720e848d656e2a35bf2f1b162f93155/5C391F74/t51.2885-15/e35/12822268_1072971372766284_1899006519_n.jpg?se=7&ig_cache_key=MTIwNjE5MjIzMTI2MDY5NTQ1NQ%3D%3D.2,https://gymlive.net/girleatworld/photo/1206192231260695455_1315397121,"Maxwell Food Centre, Chinatown, Singapore",1.280237,103.844904
girleatworld,romantic traveling,https://scontent-frt3-2.cdninstagram.com/vp/3f041d7bf0cadb6ad8babb15a40422a1/5C37F1AF/t51.2885-15/e35/12547616_1561269697526208_690940542_n.jpg?se=7&ig_cache_key=MTE3OTc4MjEzNzE3NDM3MDM1NQ%3D%3D.2,https://gymlive.net/girleatworld/photo/1179782137174370355_1315397121,Wangfujing,39.9162462,116.411168
girleatworld,romantic traveling,https://scontent-frt3-2.cdninstagram.com/vp/ee84789fcfa3dc737fea0a455f57faf9/5BFDF422/t51.2885-15/e35/12534302_101390516914531_265036743_n.jpg?se=7&ig_cache_key=MTE3NDMyOTgzNTQyNDY1NTg2NA%3D%3D.2,https://gymlive.net/girleatworld/photo/1174329835424655864_1315397121,"Pianemo, Raja Ampat",0.1592615,130.0504932
girleatworld,romantic traveling,https://scontent-frt3-2.cdninstagram.com/vp/6f3368926f1367349b68a7492f6dec97/5C1881F3/t51.2885-15/e35/12558464_948969741860453_276627119_n.jpg?se=7&ig_cache_key=MTE3MDcwNTQzOTE2NjM3NjUzMg%3D%3D.2,https://gymlive.net/girleatworld/photo/1170705439166376532_1315397121,Sydney Opera House,-33.8567844,151.2152967
girleatworld,romantic traveling,https://scontent-frt3-2.cdninstagram.com/vp/ba500fb7c8640f78ddeac7eaee215b0b/5BF8C695/t51.2885-15/e35/12479478_935008569915051_1959713346_n.jpg?se=7&ig_cache_key=MTE2NTUxMzk3NjQ3NjQxMjA2MA%3D%3D.2,https://gymlive.net/girleatworld/photo/1165513976476412060_1315397121,"Saonek, Papua, Indonesia",-0.4785581,130.8095699
girleatworld,romantic traveling,https://scontent-frt3-2.cdninstagram.com/vp/003200d40c5ef606fb64cc6d249870ee/5C32256D/t51.2885-15/e35/12568066_176677862688319_1841927059_n.jpg?se=7&ig_cache_key=MTE2MjY4ODM2MzkyMzMxOTYxMQ%3D%3D.2,https://gymlive.net/girleatworld/photo/1162688363923319611_1315397121,Raja Ampat Islands,-1.0320468,130.5052176
girleatworld,romantic traveling,https://scontent-frt3-2.cdninstagram.com/vp/a715068c95703bd1acf3b77622f52987/5C01FB6D/t51.2885-15/e35/12394200_1694488220796095_355281349_n.jpg?se=8&ig_cache_key=MTE1MjI1MDQ1NjIxNzU2MTY4Mw%3D%3D.2,https://gymlive.net/girleatworld/photo/1152250456217561683_1315397121,Great Wall of China at Badaling,40.3597596,116.0200204
girleatworld,romantic traveling,https://scontent-frt3-2.cdninstagram.com/vp/2e4e5f1b252c368e4aee0d15c49b0899/5BF786B4/t51.2885-15/e35/12357820_423204597887239_2111808409_n.jpg?se=8&ig_cache_key=MTE1MTUwMDQ5NDY1NTUzMTUwNg%3D%3D.2,https://gymlive.net/girleatworld/photo/1151500494655531506_1315397121,Ayers Rock - Uluru,-25.3444277,131.0368822
girleatworld,romantic traveling,https://scontent-frt3-2.cdninstagram.com/vp/97dc5c4a69c398625e339034e4bafc9f/5C1C08D4/t51.2885-15/e35/917889_1524059364589954_1152820708_n.jpg?se=8&ig_cache_key=MTE1MDcyODU0OTc4MTU0NzcxMA%3D%3D.2,https://gymlive.net/girleatworld/photo/1150728549781547710_1315397121,Sydney Opera House,-33.8567844,151.2152967
girleatworld,romantic traveling,https://scontent-frt3-2.cdninstagram.com/vp/60c84da32f6bc641494b76d1c4d7ef5a/5BFEA995/t51.2885-15/e35/10598720_152113981822749_1771310001_n.jpg?se=8&ig_cache_key=MTE0OTk3MzE5NjkxOTg3NjE0OQ%3D%3D.2,https://gymlive.net/girleatworld/photo/1149973196919876149_1315397121,Hong Kong,22.396428,114.109497
girleatworld,romantic traveling,https://scontent-frt3-2.cdninstagram.com/vp/5d3843ae18327231e651c5421d658664/5C19DE86/t51.2885-15/e35/12338602_1046600335370999_1048063447_n.jpg?se=8&ig_cache_key=MTE0ODcwODA1MTQwNTA1NjI1OA%3D%3D.2,https://gymlive.net/girleatworld/photo/1148708051405056258_1315397121,Shwedagon Pagoda,16.798308,96.1496143
girleatworld,romantic traveling,https://scontent-frt3-2.cdninstagram.com/vp/f6711f21733b62e0d447ae664426ccbf/5C19A4AF/t51.2885-15/e35/11910251_1677513412531226_2035758001_n.jpg?se=8&ig_cache_key=MTEyMzkyNTk3MTM1ODAwMTIwNQ%3D%3D.2,https://gymlive.net/girleatworld/photo/1123925971358001205_1315397121,Tanadewa Villas & Spa · Bali,-8.786781,115.198872
girleatworld,romantic traveling,https://scontent-frt3-2.cdninstagram.com/vp/c233f0a4a430b400ecce1b60c048f450/5C03C595/t51.2885-15/e35/12139732_444561465731344_709476506_n.jpg?se=8&ig_cache_key=MTEwNjI4NTM5NzUzMjU1MTk5Ng%3D%3D.2,https://gymlive.net/girleatworld/photo/1106285397532551996_1315397121,"Sheung Wan, Hong Kong",22.2863943,114.1491375
girleatworld,romantic traveling,https://scontent-frt3-2.cdninstagram.com/vp/022a704ba82f3a9f6551371e520c3b32/5C07C4B4/t51.2885-15/e35/12080476_1690201117862672_575597727_n.jpg?se=8&ig_cache_key=MTA5ODkxMTgwMjA5OTU3NDg4OA%3D%3D.2,https://gymlive.net/girleatworld/photo/1098911802099574888_1315397121,"Shibuya Crossing, Tokyo, Japan",35.6610596,139.7007579
girleatworld,romantic traveling,https://scontent-frt3-2.cdninstagram.com/vp/cf9478ddce6407de5ce9039c60ec3eb3/5C14DA19/t51.2885-15/e35/12081237_922840977795898_305794574_n.jpg?se=8&ig_cache_key=MTA5MTI5Njg0OTI3NjUxMjk4MQ%3D%3D.2,https://gymlive.net/girleatworld/photo/1091296849276512981_1315397121,"Gili Trawangan Island, Lombok Indonesia",-8.351844,116.0561632
girleatworld,romantic traveling,https://scontent-frt3-2.cdninstagram.com/vp/8d7582212c96f618f9780f3abc982bc3/5C31C14B/t51.2885-15/e35/12081116_706769839456009_592826812_n.jpg?se=8&ig_cache_key=MTA4NDcxMjA3MzYxMDQ3MjE4NA%3D%3D.2,https://gymlive.net/girleatworld/photo/1084712073610472184_1315397121,Facebook Singapore,1.2956664,103.8565703
girleatworld,romantic traveling,https://scontent-frt3-2.cdninstagram.com/vp/057d1c19e772590918100b8776ca236d/5BF9E166/t51.2885-15/e35/11312157_1651896938400098_731450876_n.jpg?se=8&ig_cache_key=MTA4MzAzNTAzMzU3NjQ4Mzc4OQ%3D%3D.2,https://gymlive.net/girleatworld/photo/1083035033576483789_1315397121,Chinatown,37.7941378,-122.4077914
girleatworld,romantic traveling,https://scontent-frt3-2.cdninstagram.com/vp/a2a080d951606619118e0bd5ed6ceda5/5C321B25/t51.2885-15/e15/11881898_124786187869389_106369504_n.jpg?ig_cache_key=MTA2MzM0ODA0NTQyNDQzNzU0MQ%3D%3D.2,https://gymlive.net/girleatworld/photo/1063348045424437541_1315397121,Sydney Opera House,-33.8567844,151.2152967
girleatworld,romantic traveling,https://scontent-frt3-2.cdninstagram.com/vp/1ab08aa581c5dd0a39b47e0b3c901a71/5C33E023/t51.2885-15/e15/11856665_1643716622543913_786647773_n.jpg?ig_cache_key=MTA1ODYxMDYyMzkzNTQ5MDI4MQ%3D%3D.2,https://gymlive.net/girleatworld/photo/1058610623935490281_1315397121,Hello Kitty Chinese Cuisine,22.3040096,114.1682267
girleatworld,romantic traveling,https://scontent-frt3-2.cdninstagram.com/vp/53a5c8d546701c310e8756d963acad9c/5C022711/t51.2885-15/e15/11375791_1001517156560194_405792283_n.jpg?ig_cache_key=MTA1NTczNDM0NjExMTA2ODg0OA%3D%3D.2,https://gymlive.net/girleatworld/photo/1055734346111068848_1315397121,Penang Island - Malaysia,5.3673161,100.2486493
girleatworld,romantic traveling,https://scontent-frt3-2.cdninstagram.com/vp/2b6ac2ddf3a515bb05315704e9ab5bd5/5C318128/t51.2885-15/e15/11351770_1463612867275835_2005145306_n.jpg?ig_cache_key=MTA0OTg1OTkxNDY5MTg0OTE4NQ%3D%3D.2,https://gymlive.net/girleatworld/photo/1049859914691849185_1315397121,Causeway Bay,22.2859787,114.1914919
girleatworld,romantic traveling,https://scontent-frt3-2.cdninstagram.com/vp/615f00d0b205a2c9a733ce2225e1438d/5C080FDE/t51.2885-15/e15/11820693_831483473587792_279728071_n.jpg?ig_cache_key=MTA0ODE4MjM1MjI1NzI5NzA4OQ%3D%3D.2,https://gymlive.net/girleatworld/photo/1048182352257297089_1315397121,Gili Trawangan,-8.351844,116.0561632
girleatworld,romantic traveling,https://scontent-frt3-2.cdninstagram.com/vp/7f479baf61838e55a298f855110611cf/5C1D4775/t51.2885-15/e15/11248396_1459155074388637_659700298_n.jpg?ig_cache_key=MTA0NzQ0MjAxMjU1NDQ3MjQxMQ%3D%3D.2,https://gymlive.net/girleatworld/photo/1047442012554472411_1315397121,Marina Bay Sands,1.2833754,103.8607264
girleatworld,romantic traveling,https://scontent-frt3-2.cdninstagram.com/vp/2e1e419328aa110e6e1b6af22ce43b81/5C171C0A/t51.2885-15/e15/11311397_1472775583018730_1240137395_n.jpg?ig_cache_key=MTA0NDU4MjQ3NDY5MjI0MjMwMQ%3D%3D.2,https://gymlive.net/girleatworld/photo/1044582474692242301_1315397121,Mong Kok Station,39.955011,-75.155653
girleatworld,romantic traveling,https://scontent-frt3-2.cdninstagram.com/vp/9cc19ceb7b2778d5e3689de7d3ecf47e/5C1E56DA/t51.2885-15/e15/11410535_931414323582773_1576508452_n.jpg?ig_cache_key=MTA0MTc3NjU3NzU5OTMxODExMQ%3D%3D.2,https://gymlive.net/girleatworld/photo/1041776577599318111_1315397121,澳洲牛奶公司 Australia Dairy Company,22.3045897,114.1705156
girleatworld,romantic traveling,https://scontent-frt3-2.cdninstagram.com/vp/08108cca5752bc7361b777e04eabfb43/5C39F62A/t51.2885-15/e15/11312397_854766374577861_2131377257_n.jpg?ig_cache_key=MTA0MDI0NjIxOTI1NDg2ODE4Mg%3D%3D.2,https://gymlive.net/girleatworld/photo/1040246219254868182_1315397121,Oddies Foodies,22.284372,114.152076
girleatworld,romantic traveling,https://scontent-frt3-2.cdninstagram.com/vp/2deef969a855cda7abab7022886c50f7/5C1A50C7/t51.2885-15/e15/11351620_718796658249500_1312704216_n.jpg?ig_cache_key=MTAzODMzMjUzMjY4MDEwODY1NQ%3D%3D.2,https://gymlive.net/girleatworld/photo/1038332532680108655_1315397121,Penang Hill,5.4333333,100.2666667
girleatworld,romantic traveling,https://scontent-frt3-2.cdninstagram.com/vp/4ab02da89f19af101cee4c723601113c/5C169BFA/t51.2885-15/e15/11248819_1627880637454381_1067732507_n.jpg?ig_cache_key=MTAzNzAwMTk4NTM1Nzg1MTQ2OQ%3D%3D.2,https://gymlive.net/girleatworld/photo/1037001985357851469_1315397121,Yick Fat Bldg,22.2841077,114.212626
girleatworld,romantic traveling,https://scontent-frt3-2.cdninstagram.com/vp/26468099a501af6b1b1f997adc718945/5C176DB3/t51.2885-15/e15/11311246_1505611196395599_1282245634_n.jpg?ig_cache_key=MTAzNTU0ODYzNjM0NzQ0MzIzMA%3D%3D.2,https://gymlive.net/girleatworld/photo/1035548636347443230_1315397121,Penang Island,5.3673161,100.2486493
girleatworld,romantic traveling,https://scontent-frt3-2.cdninstagram.com/vp/b5b2f379464b152a5390792a90f890da/5C340277/t51.2885-15/e15/11417314_962533310469858_1592602309_n.jpg?ig_cache_key=MTAzMjQzMDgwODY4MTQ5MTE0NQ%3D%3D.2,https://gymlive.net/girleatworld/photo/1032430808681491145_1315397121,Gurney Drive Penang,5.434906,100.3143462
girleatworld,romantic traveling,https://scontent-frt3-2.cdninstagram.com/vp/da69f937339874725c2ed0f844a9105e/5C1B22A8/t51.2885-15/e15/11353029_497079610447118_1246397447_n.jpg?ig_cache_key=MTAyODIzMzc1MDI1Njg4ODI1Mw%3D%3D.2,https://gymlive.net/girleatworld/photo/1028233750256888253_1315397121,Armenian Street Penang,5.4154392,100.3370691
girleatworld,romantic traveling,https://scontent-frt3-2.cdninstagram.com/vp/1af1184703a698e7c9764049d4c6f477/5C08D71D/t51.2885-15/e15/11356756_1447793982194186_951457313_n.jpg?ig_cache_key=MTAyNjgwMjk1MDMxOTcxMjk4MQ%3D%3D.2,https://gymlive.net/girleatworld/photo/1026802950319712981_1315397121,"Char Koay Teow Lorong Selamat, George Town",5.4170204,100.3246822
girleatworld,romantic traveling,https://scontent-frt3-2.cdninstagram.com/vp/44aa487ba791651673836eaeef961fd4/5C334402/t51.2885-15/e15/11372224_1625962557689849_1201008509_n.jpg?ig_cache_key=MTAyNjEwMzE0NjE1NzUxNzYwNQ%3D%3D.2,https://gymlive.net/girleatworld/photo/1026103146157517605_1315397121,Lebuh Presgrave,5.4111395,100.3303959
girleatworld,romantic traveling,https://scontent-frt3-2.cdninstagram.com/vp/a91d5bc62b0e3e3d0a469e76b22c738e/5C16BF8F/t51.2885-15/e15/11386428_905000696244265_1056155857_n.jpg?ig_cache_key=MTAyMjgzNTkyMDYwNDMwOTU0OQ%3D%3D.2,https://gymlive.net/girleatworld/photo/1022835920604309549_1315397121,Central Wet Market,36.7300903,-119.7933317
girleatworld,romantic traveling,https://scontent-frt3-2.cdninstagram.com/vp/1d5c259e0cd09d4790572027dbcbb3a2/5C37B313/t51.2885-15/e15/11372561_466975396799498_662101268_n.jpg?ig_cache_key=MTAyMTUyNzYwNzIwMzY3MDkwMQ%3D%3D.2,https://gymlive.net/girleatworld/photo/1021527607203670901_1315397121,"Central District, Hong Kong",22.2799907,114.1587983
girleatworld,romantic traveling,https://scontent-frt3-2.cdninstagram.com/vp/afc062f003a79fa4420acb4ab0ee601b/5C032155/t51.2885-15/e35/11378710_466505066846530_1074447315_n.jpg?se=7&ig_cache_key=MTAyMDA2Nzk1NTAzNTE1NTE4Nw%3D%3D.2,https://gymlive.net/girleatworld/photo/1020067955035155187_1315397121,"Times Square, Hong Kong",22.2784016,114.182204
girleatworld,romantic traveling,https://scontent-frt3-2.cdninstagram.com/vp/8fc1cca5aa74fc570ad4fc90a8cf46b4/5C0027D6/t51.2885-15/e15/11373768_409057542625171_1079829379_n.jpg?ig_cache_key=MTAxOTEyNzA5NDE4OTMwMzk2MQ%3D%3D.2,https://gymlive.net/girleatworld/photo/1019127094189303961_1315397121,"Mongkok, Ladies Market Hongkong",22.3216266,114.1700929
girleatworld,romantic traveling,https://scontent-frt3-2.cdninstagram.com/vp/4259402b764c4ad31e2e40a5e2771068/5C39A5A2/t51.2885-15/e15/11356420_768200219967255_1408512829_n.jpg?ig_cache_key=MTAxNzcyNjY4OTQ3NTYzNTk0OQ%3D%3D.2,https://gymlive.net/girleatworld/photo/1017726689475635949_1315397121,The Peak Galleria 山頂廣場,22.2703734,114.1495958
girleatworld,romantic traveling,https://scontent-frt3-2.cdninstagram.com/vp/9d870fcf67ee118f2d607007d3671fc8/5BFEA1D9/t51.2885-15/e15/11350674_397952687063702_580863039_n.jpg?ig_cache_key=MTAxNjk2NDYwOTM2MTM5MDIzNg%3D%3D.2,https://gymlive.net/girleatworld/photo/1016964609361390236_1315397121,Graham Street Market,40.7105621,-73.9439173
girleatworld,romantic traveling,https://scontent-frt3-2.cdninstagram.com/vp/fda4b8ac7c1a45396c976dd90a13fd1e/5C34CE7D/t51.2885-15/e15/11352129_707293466064391_346519221_n.jpg?ig_cache_key=MTAxNjMyODcyMjQ1Nzg5NzgzMA%3D%3D.2,https://gymlive.net/girleatworld/photo/1016328722457897830_1315397121,澳洲牛奶公司 Australia Dairy Company,22.3045897,114.1705156
girleatworld,romantic traveling,https://scontent-frt3-2.cdninstagram.com/vp/e02c9cc15374e52b0c9bf4150c4e498c/5BFBB706/t51.2885-15/e15/11373829_716738511788004_1832975207_n.jpg?ig_cache_key=MTAxMDQyMzgzOTM5MzM5MzMxMA%3D%3D.2,https://gymlive.net/girleatworld/photo/1010423839393393310_1315397121,Mindil Beach Sunset Market,-12.4007922,130.8541507
girleatworld,romantic traveling,https://scontent-frt3-2.cdninstagram.com/vp/b3b22029df712b1c3df31c095eb76c0c/5C1D66E4/t51.2885-15/e15/11325231_1651302525101479_314865477_n.jpg?ig_cache_key=MTAwNjM5OTc4MjEwODg2NjgwMQ%3D%3D.2,https://gymlive.net/girleatworld/photo/1006399782108866801_1315397121,Pinkdot.Sg,34.0946261,-118.3762395
girleatworld,romantic traveling,https://scontent-frt3-2.cdninstagram.com/vp/652571336caf4d9b1164936e82268a3a/5C1BF681/t51.2885-15/e15/11327128_119910368341100_729553164_n.jpg?ig_cache_key=OTk5MTUzNDkwNTk3MDYzMzY2.2,https://gymlive.net/girleatworld/photo/999153490597063366_1315397121,Royal Botanic Gardens\,43.2899267,-79.8761248
girleatworld,romantic traveling,https://scontent-frt3-2.cdninstagram.com/vp/917d73476bb59baea170e7deb6637145/5C064FF5/t51.2885-15/e15/11375758_819929061428984_785810354_n.jpg?ig_cache_key=OTk0NzM4NzM3NzYyMDg1MDYw.2,https://gymlive.net/girleatworld/photo/994738737762085060_1315397121,Rankins Lane Melbourne Cbd,-37.8137909,144.962161
girleatworld,romantic traveling,https://scontent-frt3-2.cdninstagram.com/vp/2ba366361149486839aff8d6a76eb152/5BFF0AD9/t51.2885-15/e15/11313679_1640464852833658_1437783004_n.jpg?ig_cache_key=OTkzODM2MTkwMTA0ODg5NTkx.2,https://gymlive.net/girleatworld/photo/993836190104889591_1315397121,"Newtown, New South Wales",-33.897,151.1793
girleatworld,romantic traveling,https://scontent-frt3-2.cdninstagram.com/vp/ec992cead1aad7d441f18192c142930d/5C089024/t51.2885-15/e15/11363870_371233539736713_213741810_n.jpg?ig_cache_key=OTkyODMzNjEyNDQ5NjU0ODc2.2,https://gymlive.net/girleatworld/photo/992833612449654876_1315397121,Nanluoguxiang,39.93721,116.4031484
girleatworld,romantic traveling,https://scontent-frt3-2.cdninstagram.com/vp/e95bd33225b8c509c82bcf626ad3c42d/5C365FB1/t51.2885-15/e15/11355970_103636219973557_1665507641_n.jpg?ig_cache_key=OTkxNjU4MDk2MTE1OTE4ODcz.2,https://gymlive.net/girleatworld/photo/991658096115918873_1315397121,Sounds of Silence - Uluru,-25.2481543,130.9616676
girleatworld,romantic traveling,https://scontent-frt3-2.cdninstagram.com/vp/e1564b7b84435009b58b133afda851be/5C001067/t51.2885-15/e15/11282826_557431011064508_2121031813_n.jpg?ig_cache_key=OTkwOTQ5NDkwODc3ODY4NzQy.2,https://gymlive.net/girleatworld/photo/990949490877868742_1315397121,Mindil Beach Sunset Market,-12.4007922,130.8541507
girleatworld,romantic traveling,https://scontent-frt3-2.cdninstagram.com/vp/563d8839b25d064189a121848de168a0/5C1881CE/t51.2885-15/e15/11356779_107018329632949_1326946951_n.jpg?ig_cache_key=OTkwMTQ0MzY5MTc2Njg0NzQ1.2,https://gymlive.net/girleatworld/photo/990144369176684745_1315397121,Wangfujing Snack Street,39.9112312,116.4109444
girleatworld,romantic traveling,https://scontent-frt3-2.cdninstagram.com/vp/eb9c3ba3f050f5831d2816f0138df390/5C34E8C1/t51.2885-15/e15/11263633_1473350876288941_348225213_n.jpg?ig_cache_key=OTg5NDQwNTYwNTUzMDc2OTY5.2,https://gymlive.net/girleatworld/photo/989440560553076969_1315397121,Запретный город,39.9163447,116.3971546
girleatworld,romantic traveling,https://scontent-frt3-2.cdninstagram.com/vp/d50dc57e44aef2374a46399e81dcb011/5C19232D/t51.2885-15/e15/11263368_657683487698848_864484291_n.jpg?ig_cache_key=OTg4Njc1NDAyMTMwMDc0MDg1.2,https://gymlive.net/girleatworld/photo/988675402130074085_1315397121,Great Wall of China at Badaling,40.3597596,116.0200204
girleatworld,romantic traveling,https://scontent-frt3-2.cdninstagram.com/vp/ef645cffc3ec49404d0f77080931ca55/5C1E13B2/t51.2885-15/e15/11241987_390146154521588_827055251_n.jpg?ig_cache_key=OTg3OTc0ODA2NDk0MzI0ODY2.2,https://gymlive.net/girleatworld/photo/987974806494324866_1315397121,Houhai,39.9442008,116.381763
girleatworld,romantic traveling,https://scontent-frt3-2.cdninstagram.com/vp/80bb344eac4de326ff169fc898921a62/5BF82711/t51.2885-15/e15/11250088_1556197234644218_948702684_n.jpg?ig_cache_key=OTg3MzAyNjAwMDA1MjAwNTcw.2,https://gymlive.net/girleatworld/photo/987302600005200570_1315397121,Wangfujing Night Market,39.911236,116.411129
girleatworld,romantic traveling,https://scontent-frt3-2.cdninstagram.com/vp/c5586d6c54fb96a5dc0aa4c58928f9a2/5C15CF8F/t51.2885-15/e15/11258475_692842700841531_778318439_n.jpg?ig_cache_key=OTg2NjMxNDg1MzM1MzUwMjcx.2,https://gymlive.net/girleatworld/photo/986631485335350271_1315397121,"Nanluoguxiang Hutong, Beijing",39.9388075,116.4031366
girleatworld,romantic traveling,https://scontent-frt3-2.cdninstagram.com/vp/decd1ab30c5feaf8aa57ac794cd69a57/5C3A3443/t51.2885-15/e15/11236194_1637253599829768_1392559416_n.jpg?ig_cache_key=OTg2MjI1MjgxMjAzMjUxNDEy.2,https://gymlive.net/girleatworld/photo/986225281203251412_1315397121,12 Apostles,39.3407877,-94.78728509999999
girleatworld,romantic traveling,https://scontent-frt3-2.cdninstagram.com/vp/5bc9fb636edf0c08530fc2f6a3177b54/5C1E01EC/t51.2885-15/e15/11249804_891091120949389_1837391633_n.jpg?ig_cache_key=OTg0OTg1Nzg3NjA3MDk5OTUy.2,https://gymlive.net/girleatworld/photo/984985787607099952_1315397121,Center Place,32.69546220000001,-97.1082764
girleatworld,romantic traveling,https://scontent-frt3-2.cdninstagram.com/vp/b76b139b1268b50adc6ceae1c8d9e3d8/5C03E15D/t51.2885-15/e15/10607926_1642926162604717_1323833973_n.jpg?ig_cache_key=OTg0MzIzNTA0OTUwMjkwOTU0.2,https://gymlive.net/girleatworld/photo/984323504950290954_1315397121,Rutledge Lane,33.5040176,-86.80508619999999
girleatworld,romantic traveling,https://scontent-frt3-2.cdninstagram.com/vp/d1a164ef4dc7ef113ebcff2b00f0674b/5C1C4872/t51.2885-15/e15/11253653_795206420575707_1148684100_n.jpg?ig_cache_key=OTgzNjEzMDIxODU1MjMwNDk2.2,https://gymlive.net/girleatworld/photo/983613021855230496_1315397121,Town Hall,37.3281325,-95.7180001
girleatworld,romantic traveling,https://scontent-frt3-2.cdninstagram.com/vp/c6617eae540df8aebe061157dc7005eb/5C359B64/t51.2885-15/e15/11236308_936584216386988_1599135973_n.jpg?ig_cache_key=OTgzMjQ3NzczMzU2ODYxNjY4.2,https://gymlive.net/girleatworld/photo/983247773356861668_1315397121,Sydney Opera House,-33.8567844,151.2152967
girleatworld,romantic traveling,https://scontent-frt3-2.cdninstagram.com/vp/544089e32dcc0d8880deca1fb2f13d69/5C312E7A/t51.2885-15/e15/11240739_462770447216048_931501431_n.jpg?ig_cache_key=OTgyMzYyOTI3NTc1MTQ4NjUx.2,https://gymlive.net/girleatworld/photo/982362927575148651_1315397121,"Three Sisters, Blue Mountains, Sydney",-33.7320724,150.3121543
girleatworld,romantic traveling,https://scontent-frt3-2.cdninstagram.com/vp/ce36f05d684a33e7b4832e2453004eaa/5C3B8BC6/t51.2885-15/e15/11256278_1650175628528878_530228326_n.jpg?ig_cache_key=OTgxNjgzMTYxNDMxODc3Nzkz.2,https://gymlive.net/girleatworld/photo/981683161431877793_1315397121,Uluru Camel Tours,-25.2565766,130.9862432
girleatworld,romantic traveling,https://scontent-frt3-2.cdninstagram.com/vp/61c26e38442d2c2ab668de40128e61e9/5C0956B7/t51.2885-15/e15/11248407_1571356979804483_1989825928_n.jpg?ig_cache_key=OTgxMzM2ODI0NjgxMTQ3MTI3.2,https://gymlive.net/girleatworld/photo/981336824681147127_1315397121,Sounds of Silence - Uluru,-25.2481543,130.9616676
girleatworld,romantic traveling,https://scontent-frt3-2.cdninstagram.com/vp/4cb2add3616fa3187561f59ecd8d34d6/5C18A43F/t51.2885-15/e15/11235965_386788821506943_1495040964_n.jpg?ig_cache_key=OTc5OTc5NDc2NTAyOTE1MTQ2.2,https://gymlive.net/girleatworld/photo/979979476502915146_1315397121,Outback Ballooning,-23.692579,133.865294
girleatworld,romantic traveling,https://scontent-frt3-2.cdninstagram.com/vp/eeebaf5a2f0b20f3a643275ae0d14935/5C014A08/t51.2885-15/e15/11251137_1667625143457644_75771673_n.jpg?ig_cache_key=OTc5NDM0NTkyNDE1MDY2NzA1.2,https://gymlive.net/girleatworld/photo/979434592415066705_1315397121,"Anzac Hill Lookout, Alice Springs",-23.6944018,133.8818964
girleatworld,romantic traveling,https://scontent-frt3-2.cdninstagram.com/vp/dc396ad70fd5bbf0abd3b1be3c09c926/5C1C52BC/t51.2885-15/e15/11241423_823374217756332_835764750_n.jpg?ig_cache_key=OTc4NzA2NzEzNjI4NzE1MTU3.2,https://gymlive.net/girleatworld/photo/978706713628715157_1315397121,Florence Falls,48.6507468,-113.6927387
girleatworld,romantic traveling,https://scontent-frt3-2.cdninstagram.com/vp/ad1b82565367d7969171f0f70150cb7d/5C341763/t51.2885-15/e15/11190923_1588919904700043_773613805_n.jpg?ig_cache_key=OTc3OTY5OTc4NjM2NTc3MjE3.2,https://gymlive.net/girleatworld/photo/977969978636577217_1315397121,Kakadu,-13.0922931,132.3937658
girleatworld,romantic traveling,https://scontent-frt3-2.cdninstagram.com/vp/f08389116a08c5b3b3f37a3c1570ac04/5C04B653/t51.2885-15/e15/11189844_804741662947981_547655132_n.jpg?ig_cache_key=OTc3MzIyOTYyMDYzNTM0Njcz.2,https://gymlive.net/girleatworld/photo/977322962063534673_1315397121,"Ubirr, Kakadu National Park",-13.0922931,132.3937658
girleatworld,romantic traveling,https://scontent-frt3-2.cdninstagram.com/vp/4ec1a169919e75909d01f6a71341ed96/5C02401B/t51.2885-15/e15/11184476_726067504182407_773616206_n.jpg?ig_cache_key=OTc2NjczNTg2OTA3NTIzOTQ3.2,https://gymlive.net/girleatworld/photo/976673586907523947_1315397121,Mindil Beach,-12.4481357,130.8282309
girleatworld,romantic traveling,https://scontent-frt3-2.cdninstagram.com/vp/a82414a0d984fe115f6898f6bf0c1664/5C176A27/t51.2885-15/e15/11191205_1628229897414128_1449884284_n.jpg?ig_cache_key=OTc1OTY1ODgxMTYzMTMxNTk0.2,https://gymlive.net/girleatworld/photo/975965881163131594_1315397121,Mitchell Street Darwin,-12.4596883,130.8362763
girleatworld,romantic traveling,https://scontent-frt3-2.cdninstagram.com/vp/ab02ad4867434a3b2ed913d232283bb9/5C33F954/t51.2885-15/e15/11032857_1402531283395486_1418010592_n.jpg?ig_cache_key=OTQ1NjkxNjE5NjEzNTUxMzQw.2,https://gymlive.net/girleatworld/photo/945691619613551340_1315397121,"Alang's Rawa, Rawa Island",2.5175387,103.9766479
girleatworld,romantic traveling,https://scontent-frt3-2.cdninstagram.com/vp/556bbf90c4a483f3e06783f862f74af7/5C18D8CB/t51.2885-15/e15/10990619_1622027421365151_592985524_n.jpg?ig_cache_key=OTQzMzY3NDM2NDU1OTc5MTEw.2,https://gymlive.net/girleatworld/photo/943367436455979110_1315397121,Causeway Bay,22.2859787,114.1914919
girleatworld,romantic traveling,https://scontent-frt3-2.cdninstagram.com/vp/977a148a718c526062c4377843f27f7e/5C164D5F/t51.2885-15/e15/10843774_914744455256640_559126276_n.jpg?ig_cache_key=OTQyNjM1MTM3ODI5NTEzMjk1.2,https://gymlive.net/girleatworld/photo/942635137829513295_1315397121,Causeway Bay,22.2859787,114.1914919
girleatworld,romantic traveling,https://scontent-frt3-2.cdninstagram.com/vp/f7c608dfefed03b242b7345af3eaaa50/5C08FAA6/t51.2885-15/e15/11055482_1555465201385693_1532455178_n.jpg?ig_cache_key=OTQxMTU5NTQwNTk0OTEyMTk2.2,https://gymlive.net/girleatworld/photo/941159540594912196_1315397121,"Times Square, Hong Kong",22.2784016,114.182204
girleatworld,romantic traveling,https://scontent-frt3-2.cdninstagram.com/vp/b3ef19345c8c68f26fc931237ca14933/5BFE248D/t51.2885-15/e15/10838499_1569481429976443_711860012_n.jpg?ig_cache_key=OTQwNDM1MDI4NzI3Mzc2MDIz.2,https://gymlive.net/girleatworld/photo/940435028727376023_1315397121,威靈頓街,22.2831409,114.1544369
girleatworld,romantic traveling,https://scontent-frt3-2.cdninstagram.com/vp/d659f98417eaac7373e8e6bf121aafc4/5C08228B/t51.2885-15/e15/10995168_453720898108641_1679974102_n.jpg?ig_cache_key=OTM3NDU2NjIzNDA4OTgyMTgx.2,https://gymlive.net/girleatworld/photo/937456623408982181_1315397121,"Mabul Island, Borneo",4.2457011,118.6315839
girleatworld,romantic traveling,https://scontent-frt3-2.cdninstagram.com/vp/97d3d8ac214ed99f96b306c070c451e4/5BFD3D98/t51.2885-15/e15/s640x640/11017558_798666886880523_436470667_n.jpg?ig_cache_key=OTI3NjEyNjIzMTE4MjE2MDE0.2,https://gymlive.net/girleatworld/photo/927612623118216014_1315397121,Bandung,-6.9174639,107.6191228
girleatworld,romantic traveling,https://scontent-frt3-2.cdninstagram.com/vp/0876babeff4020cff6dcbb959408b53d/5C07D6FD/t51.2885-15/e15/s640x640/11008027_1541094176166316_1998893892_n.jpg?ig_cache_key=OTI1NzMyNTAwMjE5NzAyMTQx.2,https://gymlive.net/girleatworld/photo/925732500219702141_1315397121,Cibulan Kuningan,-6.9513284,108.6561601
girleatworld,romantic traveling,https://scontent-frt3-2.cdninstagram.com/vp/8b8c682aef82d1eaf782b2626379aa54/5C15F652/t51.2885-15/e15/s640x640/10963944_928896037141381_1899874074_n.jpg?ig_cache_key=OTI0Mjg0MTE4MDQ1MzcwNDIz.2,https://gymlive.net/girleatworld/photo/924284118045370423_1315397121,@Kuningan-Kaki gunung ciremai,-6.8933333,108.4066666
girleatworld,romantic traveling,https://scontent-frt3-2.cdninstagram.com/vp/86108986a5d319f49bfc54a779f5a381/5C03F216/t51.2885-15/e15/s640x640/10963908_330060613867906_1957765416_n.jpg?ig_cache_key=OTIwMjY4NjYyNDIyNzEwNjIz.2,https://gymlive.net/girleatworld/photo/920268662422710623_1315397121,St. Paul's Cathedral,35.4753709,-97.5159096
girleatworld,romantic traveling,https://scontent-frt3-2.cdninstagram.com/vp/d1462c6fd3d05985a8768523b23597eb/5BF8619E/t51.2885-15/e15/10950438_1531374797124259_1085234728_n.jpg?ig_cache_key=OTA3NTMzMzg5NTQ0ODkzMzM0.2,https://gymlive.net/girleatworld/photo/907533389544893334_1315397121,Shwedagon Pagoda,16.798308,96.1496143
girleatworld,romantic traveling,https://scontent-frt3-2.cdninstagram.com/vp/0273d31c12a398f04bb8bd91231074ef/5C145C67/t51.2885-15/e15/10949021_1399559260345155_916309952_n.jpg?ig_cache_key=OTA0ODcyODg5ODc5MTc4MDcy.2,https://gymlive.net/girleatworld/photo/904872889879178072_1315397121,"St Jerome' Laneway Festival, Singapore",1.3012426,103.8411638
girleatworld,romantic traveling,https://scontent-frt3-2.cdninstagram.com/vp/ae449a7b695f8faafc780922d9668f6e/5C0498D6/t51.2885-15/e15/10919319_1056884237660330_1988976027_n.jpg?ig_cache_key=OTAyNTU4NDA0MDg2NjcxODc5.2,https://gymlive.net/girleatworld/photo/902558404086671879_1315397121,"Indein, Shan State, Burma",20.5862914,96.91018059999999
girleatworld,romantic traveling,https://scontent-frt3-2.cdninstagram.com/vp/c47d9b97e7a24d6a245d739780942ec5/5C375198/t51.2885-15/e15/10919596_386222258218270_1194821362_n.jpg?ig_cache_key=ODk5Nzc4NzY0NzYyODUxOTkx.2,https://gymlive.net/girleatworld/photo/899778764762851991_1315397121,Mt. Popa,20.9207077,95.2533481
girleatworld,romantic traveling,https://scontent-frt3-2.cdninstagram.com/vp/0afb79dbb8c237e6d4a9fc4d733df415/5C024F30/t51.2885-15/e15/10919288_938507299493249_880675538_n.jpg?ig_cache_key=ODk3MDU0MzE2MDEyMDU0Njcw.2,https://gymlive.net/girleatworld/photo/897054316012054670_1315397121,"Inle Lake, Burma",20.5862914,96.91018059999999
girleatworld,romantic traveling,https://scontent-frt3-2.cdninstagram.com/vp/7702b2668433c4d8a8bd544bf76c484f/5C0240CB/t51.2885-15/e15/10932458_531849996957510_727019996_n.jpg?ig_cache_key=ODk1ODY3NjkyNTQ4OTU4MzYw.2,https://gymlive.net/girleatworld/photo/895867692548958360_1315397121,"Bagan, Mandalay, Burma",21.1717271,94.8585458
girleatworld,romantic traveling,https://scontent-frt3-2.cdninstagram.com/vp/89b055011945a37d590a8b670d1a9426/5C1E8EA1/t51.2885-15/e15/928665_972074452820663_1059280748_n.jpg?ig_cache_key=ODk0OTU1NzQ1MjcxOTQ5ODc3.2,https://gymlive.net/girleatworld/photo/894955745271949877_1315397121,Shwe San Daw,21.1638002,94.8660823
girleatworld,romantic traveling,https://scontent-frt3-2.cdninstagram.com/vp/8bdbba123d72edfd29152f650fafcac4/5C01880F/t51.2885-15/e15/10838359_1521022491517060_1963004744_n.jpg?ig_cache_key=ODgwMTcyMjI3NzIzNjAyMzc0.2,https://gymlive.net/girleatworld/photo/880172227723602374_1315397121,Shimo-kitazawa Station,35.6615229,139.666982
girleatworld,romantic traveling,https://scontent-frt3-2.cdninstagram.com/vp/efb60c85d9de432c9b67a4e3af0c9ce4/5BF83DF3/t51.2885-15/e15/10852562_1382152818746832_1290447371_n.jpg?ig_cache_key=ODczNzE3NzgxODU4NjkxMjMz.2,https://gymlive.net/girleatworld/photo/873717781858691233_1315397121,Angkor Wat - អង្គរវត្ត,13.4124693,103.8669857
girleatworld,romantic traveling,https://scontent-frt3-2.cdninstagram.com/vp/be763ef3e9ca0be09675c8277c44c688/5BF7A0B7/t51.2885-15/e15/10848251_1538852949688871_1895171413_n.jpg?ig_cache_key=ODY5MzM0OTc3MzIyNDk0Njcx.2,https://gymlive.net/girleatworld/photo/869334977322494671_1315397121,"Pub Street, Siem Reap, Cambodia",13.3547612,103.8546325
girleatworld,romantic traveling,https://scontent-frt3-2.cdninstagram.com/vp/2b6ab90c10f2a3dc0c171950b0521f58/5C353464/t51.2885-15/e15/10802455_576054672495263_573958831_n.jpg?ig_cache_key=ODYwNjExOTU0ODA1Mzg1NjQ5.2,https://gymlive.net/girleatworld/photo/860611954805385649_1315397121,이화여자대학교 Ewha Womans University,37.5618577,126.9468294
girleatworld,romantic traveling,https://scontent-frt3-2.cdninstagram.com/vp/456b68a4871bd3d6e475a08562ce22bf/5BFB5D17/t51.2885-15/e15/10817740_411242829027667_1267683471_n.jpg?ig_cache_key=ODU2NDY3NDUxNzMxMzIzNDc1.2,https://gymlive.net/girleatworld/photo/856467451731323475_1315397121,Insadong 서울미술관,37.5734027,126.9836102
girleatworld,romantic traveling,https://scontent-frt3-2.cdninstagram.com/vp/d1c5163ea71b44bad19afb3a5c262096/5C35D491/t51.2885-15/e15/10735278_1504844556458882_1923122147_n.jpg?ig_cache_key=ODQ4NjEwNzg2MjQzODQ5MTcy.2,https://gymlive.net/girleatworld/photo/848610786243849172_1315397121,"Cheonggyecheon Stream, Seoul, Korea",37.5713521,127.0246275
girleatworld,romantic traveling,https://scontent-frt3-2.cdninstagram.com/vp/dd698c8bd3942c99ef8da8bc8370a353/5C008004/t51.2885-15/e15/10787878_1481790075417842_776208245_n.jpg?ig_cache_key=ODQ0ODc3NDUzMjA2ODI1OTc5.2,https://gymlive.net/girleatworld/photo/844877453206825979_1315397121,명동 Myeongdong,37.55998,126.9858296
girleatworld,romantic traveling,https://scontent-frt3-2.cdninstagram.com/vp/daeca95932e98e3cab9cd3d313d5e4a8/5C01BFAE/t51.2885-15/e15/10735305_660613137391931_876105282_n.jpg?ig_cache_key=ODM4NzIxODE4NjE4NTcwODYw.2,https://gymlive.net/girleatworld/photo/838721818618570860_1315397121,Insa Dong Korean Art Street.,37.5716555,126.9862326
girleatworld,romantic traveling,https://scontent-frt3-2.cdninstagram.com/vp/10953e4f6834d4ab95e0c3069aadba9b/5C013683/t51.2885-15/e15/10723819_1530922987124494_800241184_n.jpg?ig_cache_key=ODMxNTI3MzI0MDAxMzE0ODE3.2,https://gymlive.net/girleatworld/photo/831527324001314817_1315397121,Gyeongbokgung,37.579617,126.977041
girleatworld,romantic traveling,https://scontent-frt3-2.cdninstagram.com/vp/18f1dce54f437d989dd632e1dcecd031/5C1DBB76/t51.2885-15/e15/10727329_753233571417034_1042734962_n.jpg?ig_cache_key=ODI4NzE2NjQxNjk0MDY3MzUx.2,https://gymlive.net/girleatworld/photo/828716641694067351_1315397121,Bukchon Hanok Village,37.5824075,126.9836531
girleatworld,romantic traveling,https://scontent-frt3-2.cdninstagram.com/vp/e5ce29c713d7ceeb74e77199cc3da853/5C394FC1/t51.2885-15/e15/10707136_858391724193972_1673100081_n.jpg?ig_cache_key=ODI1NjU3OTA4MzQwNTM0MjUz.2,https://gymlive.net/girleatworld/photo/825657908340534253_1315397121,"Gangnam-gu, Seoul",37.5172363,127.0473248
girleatworld,romantic traveling,https://scontent-frt3-2.cdninstagram.com/vp/bce9ae765db7545e49dd143b83844ab5/5C19DF52/t51.2885-15/e15/914789_731110916960718_239262218_n.jpg?ig_cache_key=ODIzNTU1MzA1MzIyMzkyMzQw.2,https://gymlive.net/girleatworld/photo/823555305322392340_1315397121,명동 Myeongdong,37.55998,126.9858296
girleatworld,romantic traveling,https://scontent-frt3-2.cdninstagram.com/vp/fe4fe91f7346d7974b8650cbfd08ff83/5C164C06/t51.2885-15/e15/10665288_464735443668840_2108879712_n.jpg?ig_cache_key=ODE5NDgwMTQ2OTYxNTc0NDk3.2,https://gymlive.net/girleatworld/photo/819480146961574497_1315397121,Tioman Island,2.7902494,104.1698463
girleatworld,romantic traveling,https://scontent-frt3-2.cdninstagram.com/vp/660d33345b12f1cf4a402a77adab0697/5BFCA5C4/t51.2885-15/e15/10683900_724680420919065_1983992463_n.jpg?ig_cache_key=ODE3NzI5MDExMzQyOTc3OTY5.2,https://gymlive.net/girleatworld/photo/817729011342977969_1315397121,"Chinatown, London",51.5117382,-0.1307968
girleatworld,romantic traveling,https://scontent-frt3-2.cdninstagram.com/vp/5fe090c327332bc3e01c44380351f546/5C15193F/t51.2885-15/e15/10707063_699038760185182_318023627_n.jpg?ig_cache_key=ODEzNzc1NDU3MzgxMDY3NDg5.2,https://gymlive.net/girleatworld/photo/813775457381067489_1315397121,Swissotel The Stamford,1.2933536,103.8535598
girleatworld,romantic traveling,https://scontent-frt3-2.cdninstagram.com/vp/4fcfc0492039675fc1351ec46dd9e62c/5C0069B5/t51.2885-15/e15/10693827_1496669493913598_52658469_n.jpg?ig_cache_key=ODExOTQ3NjIxODE3MDY3OTg0.2,https://gymlive.net/girleatworld/photo/811947621817067984_1315397121,York Minster,53.9623292,-1.0819205
girleatworld,romantic traveling,https://scontent-frt3-2.cdninstagram.com/vp/13e6b7da9d00c957d82211afd40817ff/5C062127/t51.2885-15/e15/917205_595554643888594_567087649_n.jpg?ig_cache_key=ODA1NDA1NTEyNTE1NTI5MDA1.2,https://gymlive.net/girleatworld/photo/805405512515529005_1315397121,Mala Strana,50.0877053,14.4038934
girleatworld,romantic traveling,https://scontent-frt3-2.cdninstagram.com/vp/9ee53f149c1895e162994eea7c848713/5C1592D2/t51.2885-15/e15/928360_757587824306925_310480388_n.jpg?ig_cache_key=ODAyNDIzNzY2MTczOTUyNTY3.2,https://gymlive.net/girleatworld/photo/802423766173952567_1315397121,Brick Lane,51.52200120000001,-0.07168279999999999
girleatworld,romantic traveling,https://scontent-frt3-2.cdninstagram.com/vp/e62e604ae1b07dba5fc70c4322b4cee5/5C1A1318/t51.2885-15/e15/10608165_962729203753893_1026890321_n.jpg?ig_cache_key=Nzk4NjExMTk1MTc2MjMzMDc2.2,https://gymlive.net/girleatworld/photo/798611195176233076_1315397121,Agra Fort,27.1795328,78.021112
girleatworld,romantic traveling,https://scontent-frt3-2.cdninstagram.com/vp/d8934dc79cbac025e1708f44c23835b1/5BFCE88B/t51.2885-15/e15/917205_280615958813391_36095074_n.jpg?ig_cache_key=Nzk0MDU4NjU0ODI0MzQzOTI3.2,https://gymlive.net/girleatworld/photo/794058654824343927_1315397121,"Alang's Rawa, Rawa Island",2.5175387,103.9766479
girleatworld,romantic traveling,https://scontent-frt3-2.cdninstagram.com/vp/463575b11c72e0b80648436faa3cc432/5BFD7D8E/t51.2885-15/e15/10616999_1524000907834128_846954387_n.jpg?ig_cache_key=Nzg4Mzc0MDExODEwNzUyNTI1.2,https://gymlive.net/girleatworld/photo/788374011810752525_1315397121,Tower of London,51.50811239999999,-0.0759493
girleatworld,romantic traveling,https://scontent-frt3-2.cdninstagram.com/vp/0c993377d686975580d484ef6615dafe/5C1ADF7C/t51.2885-15/e15/10598797_783983761624803_964843014_n.jpg?ig_cache_key=NzgzMTg4NjYxNDI5Njc3MDQ4.2,https://gymlive.net/girleatworld/photo/783188661429677048_1315397121,Taj Mahal Cabs,27.150946,78.0448644
girleatworld,romantic traveling,https://scontent-frt3-2.cdninstagram.com/vp/6968846477af027286bc7e382b360784/5C08CBC9/t51.2885-15/e15/926541_595543107230031_376869632_n.jpg?ig_cache_key=Nzc4OTM4NTUxNjI3NzUzNTY5.2,https://gymlive.net/girleatworld/photo/778938551627753569_1315397121,Tioman Island,2.7902494,104.1698463
girleatworld,romantic traveling,https://scontent-frt3-2.cdninstagram.com/vp/fa09d495cb3b984a2e3792f49f0d1e43/5BF9E95D/t51.2885-15/e15/10593439_552926348166660_1705808848_n.jpg?ig_cache_key=Nzc2Njg0ODAzMzkyMDg4NTcw.2,https://gymlive.net/girleatworld/photo/776684803392088570_1315397121,Karlskirche,48.1982453,16.3718284
girleatworld,romantic traveling,https://scontent-frt3-2.cdninstagram.com/vp/b0dffd2138f2ec76189b294852078e17/5C1E059F/t51.2885-15/e15/10553982_435820089894069_1599944459_n.jpg?ig_cache_key=NzczMDA4MjgyNDQ2MDE0OTI1.2,https://gymlive.net/girleatworld/photo/773008282446014925_1315397121,St. James's Park,51.5024597,-0.1348109
girleatworld,romantic traveling,https://scontent-frt3-2.cdninstagram.com/vp/01bd42ab792061dceb744549d06f3949/5BFDC80E/t51.2885-15/e15/10553990_306768366158032_1916622851_n.jpg?ig_cache_key=NzY3MzM0NzIxMDAxNjk2MTky.2,https://gymlive.net/girleatworld/photo/767334721001696192_1315397121,St. Paul's Cathedral,35.4753709,-97.5159096
girleatworld,romantic traveling,https://scontent-frt3-2.cdninstagram.com/vp/9ade5b2faee8bbf660ff2bd1f73828a1/5C320946/t51.2885-15/e15/1597386_1423700504585389_578643821_n.jpg?ig_cache_key=NzY0MDEzNzI5Mjc3ODgwODI4.2,https://gymlive.net/girleatworld/photo/764013729277880828_1315397121,Tamise,51.57448429999999,-0.6100188
girleatworld,romantic traveling,https://scontent-frt3-2.cdninstagram.com/vp/c4318051275e98a82f476ef18b3783b1/5BFC56D2/t51.2885-15/e15/10542989_716105241785303_2102216732_n.jpg?ig_cache_key=NzYwMDQxNjQxMTE0NDEzNDk4.2,https://gymlive.net/girleatworld/photo/760041641114413498_1315397121,Borough Market,51.50544,-0.09106059999999999
girleatworld,romantic traveling,https://scontent-frt3-2.cdninstagram.com/vp/0505a3109702fa799531b5ee30bbc275/5BF7B0F6/t51.2885-15/e15/10467886_1443846562546193_1664466265_n.jpg?ig_cache_key=NzU2NTA2OTgyNjAyNTgyNTIw.2,https://gymlive.net/girleatworld/photo/756506982602582520_1315397121,Wimbledon,51.41833889999999,-0.2206288
girleatworld,romantic traveling,https://scontent-frt3-2.cdninstagram.com/vp/4625d42196ea4e76c53f19358d8b2529/5C3365D0/t51.2885-15/e15/10522270_1456979644559275_1325158399_n.jpg?ig_cache_key=NzU0MTUzNTIyNDM5NzI3NTEz.2,https://gymlive.net/girleatworld/photo/754153522439727513_1315397121,Beigel Bake,51.5245028,-0.0717532
girleatworld,romantic traveling,https://scontent-frt3-2.cdninstagram.com/vp/23f24497274133f2463513411c0a411e/5C04758C/t51.2885-15/e15/929137_655841247825915_263124246_n.jpg?ig_cache_key=NzUyMDYxMTUxNTkzOTY2Mzcy.2,https://gymlive.net/girleatworld/photo/752061151593966372_1315397121,Borough Market,51.50544,-0.09106059999999999
girleatworld,romantic traveling,https://scontent-frt3-2.cdninstagram.com/vp/156af013376b8c4352fff168f845faf3/5C02231E/t51.2885-15/e15/10471927_651706868238189_257421607_n.jpg?ig_cache_key=NzUwODkzNTE2OTg2NTkxNDY3.2,https://gymlive.net/girleatworld/photo/750893516986591467_1315397121,Shambles York,53.9593801,-1.0800862
girleatworld,romantic traveling,https://scontent-frt3-2.cdninstagram.com/vp/3aae56d8c4b2acdd7e8a0ec6663fd128/5C1D8424/t51.2885-15/e15/10424509_818860371458616_1932572721_n.jpg?ig_cache_key=NzQ0NjI0MTY1MTk1MTY0NjQ2.2,https://gymlive.net/girleatworld/photo/744624165195164646_1315397121,Esplanade Rooftop Terrace,27.6021386,-82.51836039999999
girleatworld,romantic traveling,https://scontent-frt3-2.cdninstagram.com/vp/17541c63561e30085f42eed6b59dfe27/5BFDF4E5/t51.2885-15/e15/925485_680630938639566_262205734_n.jpg?ig_cache_key=NzM3MzAzMjIxOTkyNzYxNjE2.2,https://gymlive.net/girleatworld/photo/737303221992761616_1315397121,Lazarus Island,1.2229878,103.8542344
girleatworld,romantic traveling,https://scontent-frt3-2.cdninstagram.com/vp/fad7cfc6d9f16deb8798f795387fd8e6/5C1A9DD9/t51.2885-15/e15/10358205_257750911079005_734974659_n.jpg?ig_cache_key=NzM0NjYwNzA2NDM3MjQ1MDQ5.2,https://gymlive.net/girleatworld/photo/734660706437245049_1315397121,Orchard Road,41.777808,-88.3756738
girleatworld,romantic traveling,https://scontent-frt3-2.cdninstagram.com/vp/7c64ed27f5fd5d6c9c5c795cc507060f/5BFE679E/t51.2885-15/e15/10401735_625450770871535_1720079983_n.jpg?ig_cache_key=NzI2NDkwMDkwNTg0NDgzOTI5.2,https://gymlive.net/girleatworld/photo/726490090584483929_1315397121,Ueno Park,35.7153723,139.7739562
girleatworld,romantic traveling,https://scontent-frt3-2.cdninstagram.com/vp/3647417234d0c023de18636da5dc69bc/5C087AB0/t51.2885-15/e15/10362066_1424303144503743_1336226870_n.jpg?ig_cache_key=NzI0NTQ3Mzg2Mzk2OTc3ODA4.2,https://gymlive.net/girleatworld/photo/724547386396977808_1315397121,Odawara Castle,35.25094929999999,139.1535136
girleatworld,romantic traveling,https://scontent-frt3-2.cdninstagram.com/vp/9ae1109b0129ec1c382c74d5d90ed6b2/5C1C5289/t51.2885-15/e15/10354445_1416094282002193_227569334_n.jpg?ig_cache_key=NzIzNTA5MDEwOTE5MTM5OTY1.2,https://gymlive.net/girleatworld/photo/723509010919139965_1315397121,大涌谷（owakudani）,35.2431054,139.019884
girleatworld,romantic traveling,https://scontent-frt3-2.cdninstagram.com/vp/e5e6b40dc03303ee58e0a035d67b1606/5C39C605/t51.2885-15/e15/10354541_1439696922945913_1185431552_n.jpg?ig_cache_key=NzIxMDk3NTUzNTIyNzk2NzM3.2,https://gymlive.net/girleatworld/photo/721097553522796737_1315397121,Sensō-ji,35.7147651,139.7966553
girleatworld,romantic traveling,https://scontent-frt3-2.cdninstagram.com/vp/d96bf02e136f61967f123ee9f20fbbbe/5C17D27C/t51.2885-15/e15/10349754_232875603577767_151637526_n.jpg?ig_cache_key=NzE5NTIxMDQ2NTY4NDQ2MDA1.2,https://gymlive.net/girleatworld/photo/719521046568446005_1315397121,大涌谷（owakudani）,35.2431054,139.019884
girleatworld,romantic traveling,https://scontent-frt3-2.cdninstagram.com/vp/ddda7fecdd651ca6bda8e665ef65e1ab/5C150A69/t51.2885-15/e15/10354572_237404443127600_796480242_n.jpg?ig_cache_key=NzE4MDc0MDkwODI2NTc0MTI1.2,https://gymlive.net/girleatworld/photo/718074090826574125_1315397121,上野 Ueno,35.7089183,139.7742183
girleatworld,romantic traveling,https://scontent-frt3-2.cdninstagram.com/vp/b40d003985ba655f2e22a9b5dd0d2d81/5C1695CB/t51.2885-15/e15/925486_755977574423242_1786571525_n.jpg?ig_cache_key=NzE4MDY0Mzk4OTA1NzE1NjYw.2,https://gymlive.net/girleatworld/photo/718064398905715660_1315397121,"Scramble, Shibuya Crossing",35.6594562,139.7006109
girleatworld,romantic traveling,https://scontent-frt3-2.cdninstagram.com/vp/d261bdf41e942a6edccaad26141b612e/5C06C601/t51.2885-15/e15/10354390_519684941470373_1164497424_n.jpg?ig_cache_key=NzE4MDYyNjYwNjUxOTIwMjU1.2,https://gymlive.net/girleatworld/photo/718062660651920255_1315397121,竹下通り Takeshita Street,35.67155169999999,139.7031348
girleatworld,romantic traveling,https://scontent-frt3-2.cdninstagram.com/vp/5c577e563ba32a2a7919436679e4ac22/5C1ACD43/t51.2885-15/e15/10296958_1489367134612174_1208371007_n.jpg?ig_cache_key=NzE4MDYxNzMxOTQ5MTI4NTM2.2,https://gymlive.net/girleatworld/photo/718061731949128536_1315397121,"Djema El-Fna Plaza, Marrakech",31.62578839999999,-7.989049
girleatworld,romantic traveling,https://scontent-frt3-2.cdninstagram.com/vp/c358cf68de432381cb290d032e49e35e/5C38275B/t51.2885-15/e15/10311285_1400710206879140_816668402_n.jpg?ig_cache_key=NzE4MDYwODg3MzE2OTY2MjA0.2,https://gymlive.net/girleatworld/photo/718060887316966204_1315397121,4 Privet Drive,51.4110113,-2.6041412
girleatworld,romantic traveling,https://scontent-frt3-2.cdninstagram.com/vp/9e8cf51ff022489c3ad1954f1b9a8ca3/5BFC6444/t51.2885-15/e15/10311271_528279927283454_1658154338_n.jpg?ig_cache_key=NzE4MDU5MzU5NzAxMTE3NzI5.2,https://gymlive.net/girleatworld/photo/718059359701117729_1315397121,Arthur's Seat,55.94408250000001,-3.1618324
girleatworld,romantic traveling,https://scontent-frt3-2.cdninstagram.com/vp/4d18337b21529ea38300aa432707a6c7/5C1B8F9D/t51.2885-15/e15/923969_1413576375586494_574899815_n.jpg?ig_cache_key=NzE4MDU4NjcwOTU0NDU3ODY2.2,https://gymlive.net/girleatworld/photo/718058670954457866_1315397121,Edinburgh Royal Mile,55.9503353,-3.1862918
girleatworld,romantic traveling,https://scontent-frt3-2.cdninstagram.com/vp/0123f3492296f7e05afc8b8cda11a2d3/5C18D5D6/t51.2885-15/e15/926754_662649477121755_763035934_n.jpg?ig_cache_key=NzE4MDU3ODM3NTEyNjk4NjEx.2,https://gymlive.net/girleatworld/photo/718057837512698611_1315397121,Big Ben,51.50072919999999,-0.1246254
girleatworld,romantic traveling,https://scontent-frt3-2.cdninstagram.com/vp/f4f440db1b07af0d80dde6adac4a7907/5C020990/t51.2885-15/e15/10311066_462950513835769_1211243863_n.jpg?ig_cache_key=NzE4MDU3MDg5NjY4Mjk1Mzgz.2,https://gymlive.net/girleatworld/photo/718057089668295383_1315397121,Tower Bridge,51.5054564,-0.07535649999999999
girleatworld,romantic traveling,https://scontent-frt3-2.cdninstagram.com/vp/8566e4a6704e9c59a572f3470e180811/5C1C6E1E/t51.2885-15/e15/10326423_1445863468989283_9142823_n.jpg?ig_cache_key=NzE4MDU2NTg1Mjg2NDYyMTQ2.2,https://gymlive.net/girleatworld/photo/718056585286462146_1315397121,"Jakarta, Indonesia",-6.17511,106.8650395
girleatworld,romantic traveling,https://scontent-frt3-2.cdninstagram.com/vp/5e5fcbf40f63cc9c6f70b3ec72f836bd/5C167737/t51.2885-15/e15/10349681_1434171193507792_644011687_n.jpg?ig_cache_key=NzE4MDU1NzY2NDkxMjEyNDU3.2,https://gymlive.net/girleatworld/photo/718055766491212457_1315397121,"Ho Chi Minh City, Vietnam",10.8230989,106.6296638
girleatworld,romantic traveling,https://scontent-frt3-2.cdninstagram.com/vp/37adbfe6631661f7409f0312440323c4/5BF940B8/t51.2885-15/e15/10362094_590812024372685_1032265030_n.jpg?ig_cache_key=NzE4MDU0OTkwNTcwMTM4MjU5.2,https://gymlive.net/girleatworld/photo/718054990570138259_1315397121,"Ho Chi Minh City, Vietnam",10.8230989,106.6296638
girleatworld,romantic traveling,https://scontent-frt3-2.cdninstagram.com/vp/15335256bc9d8856c038433da4dafcda/5C36B643/t51.2885-15/e15/10358357_653489098067188_1876511000_n.jpg?ig_cache_key=NzE4MDUzODg3NDE3ODU0NTg5.2,https://gymlive.net/girleatworld/photo/718053887417854589_1315397121,"Ho Chi Minh City, Vietnam",10.8230989,106.6296638
girleatworld,romantic traveling,https://scontent-frt3-2.cdninstagram.com/vp/2629b8d06458272c37c097b18b05595c/5C00DFBF/t51.2885-15/e15/10349650_505746796217610_1219930523_n.jpg?ig_cache_key=NzE4MDUxNTYxNDc0OTU5OTQw.2,https://gymlive.net/girleatworld/photo/718051561474959940_1315397121,"Ho Chi Minh City, Vietnam",10.8230989,106.6296638
girleatworld,romantic traveling,https://scontent-frt3-2.cdninstagram.com/vp/8114d9174acfff7af503c3d82d577f20/5C022B0B/t51.2885-15/e15/10362191_285056281664327_1893647617_n.jpg?ig_cache_key=NzE4MDUwOTk2MjI1Mzg3MDU5.2,https://gymlive.net/girleatworld/photo/718050996225387059_1315397121,Potato Head Beach Club Bali,-8.6794167,115.1500037
girleatworld,romantic traveling,https://scontent-frt3-2.cdninstagram.com/vp/42afac793d4aa9168d4a2ac2fdcc8e90/5C060E93/t51.2885-15/e15/10246049_445169512253384_344473108_n.jpg?ig_cache_key=NzE4MDUwNTM2NTM4MDU3MjQ5.2,https://gymlive.net/girleatworld/photo/718050536538057249_1315397121,Kölner Dom,50.94127839999999,6.9582814
girleatworld,romantic traveling,https://scontent-frt3-2.cdninstagram.com/vp/0ba12981aa9165fddfd51282f448b22a/5C38E6C4/t51.2885-15/e15/10369321_1405666606383752_804442617_n.jpg?ig_cache_key=NzE4MDQ5NzE5NTcxNTI0MTEx.2,https://gymlive.net/girleatworld/photo/718049719571524111_1315397121,Brussels Grand Place,50.8467316,4.3524138
girleatworld,romantic traveling,https://scontent-frt3-2.cdninstagram.com/vp/90ef756d9229a168e260e7a4bdfa9860/5C3696A2/t51.2885-15/e15/918212_648751895193856_1037641404_n.jpg?ig_cache_key=NzE4MDQ5MjcxOTg4OTU1NjQ4.2,https://gymlive.net/girleatworld/photo/718049271988955648_1315397121,"Brugge, Belgium",51.209348,3.2246995
girleatworld,romantic traveling,https://scontent-frt3-2.cdninstagram.com/vp/6a1570f28521f23902aab7b473edfdaf/5C054471/t51.2885-15/e15/917092_777294762281320_774262136_n.jpg?ig_cache_key=NzE4MDQ4MTg5NjczOTc0MjM0.2,https://gymlive.net/girleatworld/photo/718048189673974234_1315397121,"Amsterdam, Netherlands",52.3702157,4.895167900000001
girleatworld,romantic traveling,https://scontent-frt3-2.cdninstagram.com/vp/3d66ce83cd5c7b2bcd98249d2de4ce7e/5BFD5E73/t51.2885-15/e15/10268956_1425386644388891_1703369478_n.jpg?ig_cache_key=NzE4MDQ3OTA2NzM0NjE0OTk0.2,https://gymlive.net/girleatworld/photo/718047906734614994_1315397121,Berlin Brandenburg Tor,52.5162746,13.3777041
girleatworld,romantic traveling,https://scontent-frt3-2.cdninstagram.com/vp/a6bee6065943ab349712aac5fda3034f/5C16049C/t51.2885-15/e15/927040_1393555427597472_2080492658_n.jpg?ig_cache_key=NzE4MDQ3Mjg1OTAyMTI1NTA4.2,https://gymlive.net/girleatworld/photo/718047285902125508_1315397121,Checkpoint Charlie,52.5074434,13.3903913
girleatworld,romantic traveling,https://scontent-frt3-2.cdninstagram.com/vp/00ed4f678f69908f8fc1035e0a1c2cd6/5C1C725F/t51.2885-15/e15/10261227_281260478711570_1314488867_n.jpg?ig_cache_key=NzE4MDQ2NDA5ODYzMDE0ODI3.2,https://gymlive.net/girleatworld/photo/718046409863014827_1315397121,Old Town Square,37.6905329,-97.3285486
girleatworld,romantic traveling,https://scontent-frt3-2.cdninstagram.com/vp/077961656784858cf4e0cff924ab015d/5BFE9188/t51.2885-15/e15/10354297_268069203317290_2042304715_n.jpg?ig_cache_key=NzE4MDQ1MTA2MjM5Nzc3MTQ2.2,https://gymlive.net/girleatworld/photo/718045106239777146_1315397121,Prague astronomical clock,50.0870215,14.4207065
girleatworld,romantic traveling,https://scontent-frt3-2.cdninstagram.com/vp/fd19e0901d0abacb2e80e2f28e67deef/5C1C31A8/t51.2885-15/e15/10349664_552905041489110_1608433859_n.jpg?ig_cache_key=NzE4MDQzODc4MTMwNzg4Njky.2,https://gymlive.net/girleatworld/photo/718043878130788692_1315397121,Mozart Statue,42.3233101,-71.10055489999999
girleatworld,romantic traveling,https://scontent-frt3-2.cdninstagram.com/vp/900d5c2fdfaf821bf17087f8f0fa99b8/5BFC5921/t51.2885-15/e15/925219_389881504484207_436984859_n.jpg?ig_cache_key=NzE4MDQzNDU3NDg0MDQwNTEx.2,https://gymlive.net/girleatworld/photo/718043457484040511_1315397121,"Vienna, Austria",48.2081743,16.3738189
girleatworld,romantic traveling,https://scontent-frt3-2.cdninstagram.com/vp/01f8c8012e5b39719a74e09340d3adeb/5C02946A/t51.2885-15/e15/923611_1489683987912160_317599422_n.jpg?ig_cache_key=NzE4MDQyMTAwOTg3NDA2NjAz.2,https://gymlive.net/girleatworld/photo/718042100987406603_1315397121,Schloß Neuschwanstein,47.557574,10.7498004
girleatworld,romantic traveling,https://scontent-frt3-2.cdninstagram.com/vp/02ae5551596fa62945bf08914abddb65/5C167923/t51.2885-15/e15/928514_258983314286475_792340116_n.jpg?ig_cache_key=NzE4MDQwNTkxMzgxODk5NDc5.2,https://gymlive.net/girleatworld/photo/718040591381899479_1315397121,"Marienplatz, Munich, Bavaria, Germany",48.1373913,11.575728
girleatworld,romantic traveling,https://scontent-frt3-2.cdninstagram.com/vp/0e151a152bac43fe02eb8d583e15770a/5C1D45E6/t51.2885-15/e15/925223_840732955956328_1893753104_n.jpg?ig_cache_key=NzE4MDM5NTAxMjk5MDY3MDU5.2,https://gymlive.net/girleatworld/photo/718039501299067059_1315397121,Rothenburg ob der Tauber,49.3801834,10.1867388
girleatworld,romantic traveling,https://scontent-frt3-2.cdninstagram.com/vp/7203e5c1858582f2d518c9ff44bfe89e/5C006B28/t51.2885-15/e15/10354560_1444758662435228_526607891_n.jpg?ig_cache_key=NzE4MDM2Mzg4NDcxMTg3NTUz.2,https://gymlive.net/girleatworld/photo/718036388471187553_1315397121,Rothenburg ob der Tauber,49.3801834,10.1867388
